datetime,main_aqi,components_co,components_no,components_no2,components_o3,components_so2,components_pm2_5,components_pm10,components_nh3,temperature_2m,relative_humidity_2m,dew_point_2m,precipitation,surface_pressure,wind_speed_10m,wind_direction_10m,shortwave_radiation,City,pm25_mean,pm25_std,pm25_spike_threshold,is_pm25_spike,probable_source,public_alert
2024-01-11 16:00:00,5,10787.96,196.7,331.76,0.0,49.11,326.43,383.26,91.2,25.429,29.767147,6.479,0.0,954.8043,1.659518,77.4712,0,Islamabad,108.75649647887325,91.3838347489626,291.52416597679843,True,Crop Burning,"Air pollution has increased in Islamabad, with PM2.5 reaching 326.43. The probable cause of this pollution spike is Crop Burning. Children, elderly people, and respiratory patients should avoid outdoor activities. People are advised to wear masks, keep windows closed, and limit unnecessary travel."
2024-01-11 17:00:00,5,11215.21,180.6,356.44,0.0,52.45,346.83,413.03,99.3,26.079,28.641823,6.479,0.0,955.30457,2.3469129,32.471172,0,Islamabad,108.75649647887325,91.3838347489626,291.52416597679843,True,Crop Burning,"Air pollution has increased in Islamabad, with PM2.5 reaching 346.83. The probable cause of this pollution spike is Crop Burning. Children, elderly people, and respiratory patients should avoid outdoor activities. People are advised to wear masks, keep windows closed, and limit unnecessary travel."
2024-01-11 18:00:00,5,10360.72,146.63,326.28,0.0,49.11,335.31,408.55,96.26,26.529001,28.083286,6.579,0.0,955.48413,1.659518,49.398785,0,Islamabad,108.75649647887325,91.3838347489626,291.52416597679843,True,Crop Burning,"Air pollution has increased in Islamabad, with PM2.5 reaching 335.31. The probable cause of this pollution spike is Crop Burning. Children, elderly people, and respiratory patients should avoid outdoor activities. People are advised to wear masks, keep windows closed, and limit unnecessary travel."
2024-01-11 19:00:00,5,8972.17,111.76,282.41,0.0,43.87,304.95,378.83,86.13,26.279001,28.20804,6.429,0.0,955.0602,1.5484185,144.46223,0,Islamabad,108.75649647887325,91.3838347489626,291.52416597679843,True,Crop Burning,"Air pollution has increased in Islamabad, with PM2.5 reaching 304.95. The probable cause of this pollution spike is Crop Burning. Children, elderly people, and respiratory patients should avoid outdoor activities. People are advised to wear masks, keep windows closed, and limit unnecessary travel."
2024-02-11 16:00:00,5,8331.3,65.27,271.44,0.0,56.27,294.73,345.09,59.78,20.179,59.257595,11.979,0.0,954.72687,7.79215,83.367584,0,Islamabad,108.75649647887325,91.3838347489626,291.52416597679843,True,Crop Burning,"Air pollution has increased in Islamabad, with PM2.5 reaching 294.73. The probable cause of this pollution spike is Crop Burning. Children, elderly people, and respiratory patients should avoid outdoor activities. People are advised to wear masks, keep windows closed, and limit unnecessary travel."
2024-02-12 05:00:00,5,8438.11,205.64,116.53,6.97,20.5,297.15,363.75,51.68,17.129002,53.39812,7.579,0.0,956.187,2.5264204,274.08554,329,Islamabad,108.75649647887325,91.3838347489626,291.52416597679843,True,Crop Burning,"Air pollution has increased in Islamabad, with PM2.5 reaching 297.15. The probable cause of this pollution spike is Crop Burning. Children, elderly people, and respiratory patients should avoid outdoor activities. People are advised to wear masks, keep windows closed, and limit unnecessary travel."
2024-02-12 06:00:00,5,8972.17,191.33,159.03,14.48,22.41,322.07,387.8,47.62,18.829,50.15436,8.229,0.0,956.3403,3.0652895,273.3664,440,Islamabad,108.75649647887325,91.3838347489626,291.52416597679843,True,Vehicular Emissions,"Air pollution has increased in Islamabad, with PM2.5 reaching 322.07. The probable cause of this pollution spike is Vehicular Emissions. Children, elderly people, and respiratory patients should avoid outdoor activities. People are advised to wear masks, keep windows closed, and limit unnecessary travel."
2024-04-11 15:00:00,5,9506.23,169.87,274.18,0.0,43.39,307.49,361.23,78.02,19.979,68.15147,13.929,0.0,953.2761,7.02,90.0,0,Islamabad,108.75649647887325,91.3838347489626,291.52416597679843,True,Crop Burning,"Air pollution has increased in Islamabad, with PM2.5 reaching 307.49. The probable cause of this pollution spike is Crop Burning. Children, elderly people, and respiratory patients should avoid outdoor activities. People are advised to wear masks, keep windows closed, and limit unnecessary travel."
2024-04-11 16:00:00,5,10574.34,169.87,312.57,0.0,50.07,346.64,410.1,93.22,20.479,66.723434,14.0789995,0.0,953.84534,9.3669195,92.20255,0,Islamabad,108.75649647887325,91.3838347489626,291.52416597679843,True,Crop Burning,"Air pollution has increased in Islamabad, with PM2.5 reaching 346.64. The probable cause of this pollution spike is Crop Burning. Children, elderly people, and respiratory patients should avoid outdoor activities. People are advised to wear masks, keep windows closed, and limit unnecessary travel."
2024-04-11 17:00:00,5,10574.34,139.47,320.79,0.0,50.54,357.86,430.11,100.31,20.779001,63.409344,13.5789995,0.0,954.09247,11.032987,95.61749,0,Islamabad,108.75649647887325,91.3838347489626,291.52416597679843,True,Crop Burning,"Air pollution has increased in Islamabad, with PM2.5 reaching 357.86. The probable cause of this pollution spike is Crop Burning. Children, elderly people, and respiratory patients should avoid outdoor activities. People are advised to wear masks, keep windows closed, and limit unnecessary travel."
2024-04-11 18:00:00,5,8865.36,102.82,274.18,0.0,43.87,326.5,402.65,90.18,20.579,60.334564,12.629,0.0,954.33545,11.362834,93.63288,0,Islamabad,108.75649647887325,91.3838347489626,291.52416597679843,True,Crop Burning,"Air pollution has increased in Islamabad, with PM2.5 reaching 326.5. The probable cause of this pollution spike is Crop Burning. Children, elderly people, and respiratory patients should avoid outdoor activities. People are advised to wear masks, keep windows closed, and limit unnecessary travel."
2024-05-11 06:00:00,5,8438.11,137.69,172.73,23.6,23.37,300.66,361.55,38.5,24.579,59.34088,16.129,0.0,958.6909,8.161764,138.57643,518,Islamabad,108.75649647887325,91.3838347489626,291.52416597679843,True,Vehicular Emissions,"Air pollution has increased in Islamabad, with PM2.5 reaching 300.66. The probable cause of this pollution spike is Vehicular Emissions. Children, elderly people, and respiratory patients should avoid outdoor activities. People are advised to wear masks, keep windows closed, and limit unnecessary travel."
2024-05-11 14:00:00,5,9933.47,144.84,331.76,0.0,98.23,303.41,350.7,62.32,21.779001,70.958664,16.279001,0.0,956.45306,4.2671766,62.354122,0,Islamabad,108.75649647887325,91.3838347489626,291.52416597679843,True,Crop Burning,"Air pollution has increased in Islamabad, with PM2.5 reaching 303.41. The probable cause of this pollution spike is Crop Burning. Children, elderly people, and respiratory patients should avoid outdoor activities. People are advised to wear masks, keep windows closed, and limit unnecessary travel."
2024-05-11 15:00:00,5,10360.72,135.9,331.76,0.0,97.27,345.9,400.53,72.96,21.029001,71.96121,15.779,0.0,956.6821,5.195113,75.96373,0,Islamabad,108.75649647887325,91.3838347489626,291.52416597679843,True,Crop Burning,"Air pollution has increased in Islamabad, with PM2.5 reaching 345.9. The probable cause of this pollution spike is Crop Burning. Children, elderly people, and respiratory patients should avoid outdoor activities. People are advised to wear masks, keep windows closed, and limit unnecessary travel."
2024-05-11 16:00:00,5,10360.72,121.59,320.79,0.0,86.78,371.23,435.46,82.08,21.129002,68.822426,15.179,0.0,957.17224,7.3799996,102.680374,0,Islamabad,108.75649647887325,91.3838347489626,291.52416597679843,True,Crop Burning,"Air pollution has increased in Islamabad, with PM2.5 reaching 371.23. The probable cause of this pollution spike is Crop Burning. Children, elderly people, and respiratory patients should avoid outdoor activities. People are advised to wear masks, keep windows closed, and limit unnecessary travel."
2024-05-11 17:00:00,5,9613.04,108.18,282.41,0.0,71.53,369.7,443.88,87.14,20.929,69.00462,15.029,0.0,957.41516,8.39078,112.714455,0,Islamabad,108.75649647887325,91.3838347489626,291.52416597679843,True,Crop Burning,"Air pollution has increased in Islamabad, with PM2.5 reaching 369.7. The probable cause of this pollution spike is Crop Burning. Children, elderly people, and respiratory patients should avoid outdoor activities. People are advised to wear masks, keep windows closed, and limit unnecessary travel."
2024-05-11 18:00:00,5,8438.11,96.56,233.05,0.0,57.22,352.34,431.75,83.09,20.529001,69.59591,14.779,0.0,957.4303,8.885877,96.980965,0,Islamabad,108.75649647887325,91.3838347489626,291.52416597679843,True,Crop Burning,"Air pollution has increased in Islamabad, with PM2.5 reaching 352.34. The probable cause of this pollution spike is Crop Burning. Children, elderly people, and respiratory patients should avoid outdoor activities. People are advised to wear masks, keep windows closed, and limit unnecessary travel."
2024-05-11 19:00:00,5,7583.62,87.62,200.15,0.0,49.11,330.15,408.34,77.01,20.629002,67.40534,14.379,0.0,957.1678,8.64,90.0,0,Islamabad,108.75649647887325,91.3838347489626,291.52416597679843,True,Crop Burning,"Air pollution has increased in Islamabad, with PM2.5 reaching 330.15. The probable cause of this pollution spike is Crop Burning. Children, elderly people, and respiratory patients should avoid outdoor activities. People are advised to wear masks, keep windows closed, and limit unnecessary travel."
2024-05-11 20:00:00,5,6729.13,73.31,180.96,0.0,44.82,310.7,384.82,72.96,24.429,50.9726,13.629,0.0,957.62604,4.278551,67.75093,0,Islamabad,108.75649647887325,91.3838347489626,291.52416597679843,True,Crop Burning,"Air pollution has increased in Islamabad, with PM2.5 reaching 310.7. The probable cause of this pollution spike is Crop Burning. Children, elderly people, and respiratory patients should avoid outdoor activities. People are advised to wear masks, keep windows closed, and limit unnecessary travel."
2024-05-11 21:00:00,5,5821.23,53.2,154.91,0.0,40.53,292.73,360.86,66.88,24.629002,52.875824,14.379,0.0,957.2879,2.9024127,7.12493,0,Islamabad,108.75649647887325,91.3838347489626,291.52416597679843,True,Crop Burning,"Air pollution has increased in Islamabad, with PM2.5 reaching 292.73. The probable cause of this pollution spike is Crop Burning. Children, elderly people, and respiratory patients should avoid outdoor activities. People are advised to wear masks, keep windows closed, and limit unnecessary travel."
2024-05-12 03:00:00,5,6462.1,110.86,131.61,0.51,39.58,312.69,374.29,95.25,10.929,57.166534,2.7789998,0.0,954.15753,2.36753,8.746089,46,Islamabad,108.75649647887325,91.3838347489626,291.52416597679843,True,Crop Burning,"Air pollution has increased in Islamabad, with PM2.5 reaching 312.69. The probable cause of this pollution spike is Crop Burning. Children, elderly people, and respiratory patients should avoid outdoor activities. People are advised to wear masks, keep windows closed, and limit unnecessary travel."
2024-05-12 04:00:00,5,8331.3,182.39,138.46,4.47,43.39,352.07,420.43,101.33,14.129,44.568134,2.229,0.0,955.10547,2.6758924,317.72638,187,Islamabad,108.75649647887325,91.3838347489626,291.52416597679843,True,Crop Burning,"Air pollution has increased in Islamabad, with PM2.5 reaching 352.07. The probable cause of this pollution spike is Crop Burning. Children, elderly people, and respiratory patients should avoid outdoor activities. People are advised to wear masks, keep windows closed, and limit unnecessary travel."
2024-05-12 05:00:00,5,8972.17,200.27,154.91,10.64,37.19,366.74,435.91,84.1,16.029001,42.043785,3.1290002,0.0,955.86993,3.4247334,273.01273,337,Islamabad,108.75649647887325,91.3838347489626,291.52416597679843,True,Crop Burning,"Air pollution has increased in Islamabad, with PM2.5 reaching 366.74. The probable cause of this pollution spike is Crop Burning. Children, elderly people, and respiratory patients should avoid outdoor activities. People are advised to wear masks, keep windows closed, and limit unnecessary travel."
2024-05-12 06:00:00,5,8117.68,153.78,178.22,22.35,30.99,344.92,406.88,60.29,17.529001,40.585293,3.979,0.0,955.6094,4.86,270.0,450,Islamabad,108.75649647887325,91.3838347489626,291.52416597679843,True,Crop Burning,"Air pollution has increased in Islamabad, with PM2.5 reaching 344.92. The probable cause of this pollution spike is Crop Burning. Children, elderly people, and respiratory patients should avoid outdoor activities. People are advised to wear masks, keep windows closed, and limit unnecessary travel."
2024-05-12 15:00:00,5,6729.13,94.77,180.96,0.0,18.36,320.64,376.3,42.05,11.8289995,50.70095,1.929,0.0,952.7499,2.9301877,47.489597,0,Islamabad,108.75649647887325,91.3838347489626,291.52416597679843,True,Vehicular Emissions,"Air pollution has increased in Islamabad, with PM2.5 reaching 320.64. The probable cause of this pollution spike is Vehicular Emissions. Children, elderly people, and respiratory patients should avoid outdoor activities. People are advised to wear masks, keep windows closed, and limit unnecessary travel."
2024-05-12 16:00:00,5,7583.62,112.65,191.93,0.0,19.79,362.04,426.66,48.64,12.879,43.733498,0.829,0.0,953.25006,1.6981165,32.005356,0,Islamabad,108.75649647887325,91.3838347489626,291.52416597679843,True,Vehicular Emissions,"Air pollution has increased in Islamabad, with PM2.5 reaching 362.04. The probable cause of this pollution spike is Vehicular Emissions. Children, elderly people, and respiratory patients should avoid outdoor activities. People are advised to wear masks, keep windows closed, and limit unnecessary travel."
2024-05-12 17:00:00,5,8224.49,123.38,200.15,0.0,22.17,391.99,463.19,54.72,13.179,43.820328,1.129,0.0,953.4999,1.2727921,351.87,0,Islamabad,108.75649647887325,91.3838347489626,291.52416597679843,True,Crop Burning,"Air pollution has increased in Islamabad, with PM2.5 reaching 391.99. The probable cause of this pollution spike is Crop Burning. Children, elderly people, and respiratory patients should avoid outdoor activities. People are advised to wear masks, keep windows closed, and limit unnecessary travel."
2024-05-12 18:00:00,5,8438.11,125.17,205.64,0.0,23.6,394.45,467.98,57.25,12.679,47.097294,1.679,0.0,953.3965,1.6299692,6.3401003,0,Islamabad,108.75649647887325,91.3838347489626,291.52416597679843,True,Crop Burning,"Air pollution has increased in Islamabad, with PM2.5 reaching 394.45. The probable cause of this pollution spike is Crop Burning. Children, elderly people, and respiratory patients should avoid outdoor activities. People are advised to wear masks, keep windows closed, and limit unnecessary travel."
2024-05-12 19:00:00,5,8010.86,113.55,202.89,0.0,23.84,368.97,438.36,54.72,12.479,46.87229,1.429,0.0,952.979,2.226477,14.036275,0,Islamabad,108.75649647887325,91.3838347489626,291.52416597679843,True,Crop Burning,"Air pollution has increased in Islamabad, with PM2.5 reaching 368.97. The probable cause of this pollution spike is Crop Burning. Children, elderly people, and respiratory patients should avoid outdoor activities. People are advised to wear masks, keep windows closed, and limit unnecessary travel."
2024-05-12 20:00:00,5,7263.18,92.98,194.67,0.0,24.56,337.92,399.99,53.7,12.629,45.099663,1.029,0.0,952.91626,1.6199999,360.0,0,Islamabad,108.75649647887325,91.3838347489626,291.52416597679843,True,Crop Burning,"Air pollution has increased in Islamabad, with PM2.5 reaching 337.92. The probable cause of this pollution spike is Crop Burning. Children, elderly people, and respiratory patients should avoid outdoor activities. People are advised to wear masks, keep windows closed, and limit unnecessary travel."
2024-05-12 21:00:00,5,6568.91,71.53,183.7,0.0,25.27,311.53,367.71,54.21,12.129,46.772694,1.079,0.0,952.71844,1.4058449,320.1945,0,Islamabad,108.75649647887325,91.3838347489626,291.52416597679843,True,Crop Burning,"Air pollution has increased in Islamabad, with PM2.5 reaching 311.53. The probable cause of this pollution spike is Crop Burning. Children, elderly people, and respiratory patients should avoid outdoor activities. People are advised to wear masks, keep windows closed, and limit unnecessary travel."
2024-06-09 17:00:00,5,10147.09,89.41,416.76,0.0,58.17,310.69,337.8,81.06,25.779001,88.74147,23.779001,0.0,947.33594,11.503113,110.13639,0,Islamabad,108.75649647887325,91.3838347489626,291.52416597679843,True,Crop Burning,"Air pollution has increased in Islamabad, with PM2.5 reaching 310.69. The probable cause of this pollution spike is Crop Burning. Children, elderly people, and respiratory patients should avoid outdoor activities. People are advised to wear masks, keep windows closed, and limit unnecessary travel."
2024-06-09 18:00:00,5,11215.21,97.45,427.72,0.0,58.65,349.03,379.09,87.14,25.479,89.25412,23.579,0.0,947.56165,8.287822,92.4895,0,Islamabad,108.75649647887325,91.3838347489626,291.52416597679843,True,Crop Burning,"Air pollution has increased in Islamabad, with PM2.5 reaching 349.03. The probable cause of this pollution spike is Crop Burning. Children, elderly people, and respiratory patients should avoid outdoor activities. People are advised to wear masks, keep windows closed, and limit unnecessary travel."
2024-06-09 19:00:00,5,11428.83,99.24,411.27,0.0,53.88,365.13,395.83,88.16,23.329,91.57432,21.879002,5.1,948.18787,5.00128,59.743652,0,Islamabad,108.75649647887325,91.3838347489626,291.52416597679843,True,Crop Burning,"Air pollution has increased in Islamabad, with PM2.5 reaching 365.13. The probable cause of this pollution spike is Crop Burning. Children, elderly people, and respiratory patients should avoid outdoor activities. People are advised to wear masks, keep windows closed, and limit unnecessary travel."
2024-06-09 20:00:00,5,10894.78,87.62,367.4,0.0,42.44,356.55,387.61,83.09,23.429,93.26949,22.279001,1.4,948.77185,6.763786,154.7989,0,Islamabad,108.75649647887325,91.3838347489626,291.52416597679843,True,Crop Burning,"Air pollution has increased in Islamabad, with PM2.5 reaching 356.55. The probable cause of this pollution spike is Crop Burning. Children, elderly people, and respiratory patients should avoid outdoor activities. People are advised to wear masks, keep windows closed, and limit unnecessary travel."
2024-06-09 21:00:00,5,9399.41,64.37,290.63,0.0,28.13,323.56,355.89,68.9,22.279001,93.786644,21.229,4.0,948.1739,10.44,43.602894,0,Islamabad,108.75649647887325,91.3838347489626,291.52416597679843,True,Crop Burning,"Air pollution has increased in Islamabad, with PM2.5 reaching 323.56. The probable cause of this pollution spike is Crop Burning. Children, elderly people, and respiratory patients should avoid outdoor activities. People are advised to wear masks, keep windows closed, and limit unnecessary travel."
2024-06-09 22:00:00,5,7904.05,44.26,216.6,0.0,18.36,295.69,327.9,50.66,22.629002,92.094826,21.279001,0.1,948.2415,4.452954,75.96373,0,Islamabad,108.75649647887325,91.3838347489626,291.52416597679843,True,Crop Burning,"Air pollution has increased in Islamabad, with PM2.5 reaching 295.69. The probable cause of this pollution spike is Crop Burning. Children, elderly people, and respiratory patients should avoid outdoor activities. People are advised to wear masks, keep windows closed, and limit unnecessary travel."
2024-06-11 15:00:00,5,9719.85,196.7,276.92,0.0,47.68,309.36,368.54,71.94,20.579,66.09874,14.029,0.0,955.0882,5.2478566,67.83361,0,Islamabad,108.75649647887325,91.3838347489626,291.52416597679843,True,Crop Burning,"Air pollution has increased in Islamabad, with PM2.5 reaching 309.36. The probable cause of this pollution spike is Crop Burning. Children, elderly people, and respiratory patients should avoid outdoor activities. People are advised to wear masks, keep windows closed, and limit unnecessary travel."
2024-06-11 16:00:00,5,9719.85,173.45,276.92,0.0,49.11,328.23,394.51,78.02,21.829,55.15259,12.429,0.0,955.4275,5.6521144,80.83774,0,Islamabad,108.75649647887325,91.3838347489626,291.52416597679843,True,Crop Burning,"Air pollution has increased in Islamabad, with PM2.5 reaching 328.23. The probable cause of this pollution spike is Crop Burning. Children, elderly people, and respiratory patients should avoid outdoor activities. People are advised to wear masks, keep windows closed, and limit unnecessary travel."
2024-06-11 17:00:00,5,9292.6,135.9,265.96,0.0,48.16,336.65,410.38,82.08,23.829,44.99071,11.179,0.0,955.7215,5.6060677,95.52745,0,Islamabad,108.75649647887325,91.3838347489626,291.52416597679843,True,Crop Burning,"Air pollution has increased in Islamabad, with PM2.5 reaching 336.65. The probable cause of this pollution spike is Crop Burning. Children, elderly people, and respiratory patients should avoid outdoor activities. People are advised to wear masks, keep windows closed, and limit unnecessary travel."
2024-06-11 18:00:00,5,8544.92,110.86,241.28,0.0,44.82,329.53,406.98,81.06,22.479,51.29696,11.929,0.0,955.5541,7.3799996,102.680374,0,Islamabad,108.75649647887325,91.3838347489626,291.52416597679843,True,Crop Burning,"Air pollution has increased in Islamabad, with PM2.5 reaching 329.53. The probable cause of this pollution spike is Crop Burning. Children, elderly people, and respiratory patients should avoid outdoor activities. People are advised to wear masks, keep windows closed, and limit unnecessary travel."
2024-06-11 19:00:00,5,7904.05,100.14,222.09,0.0,41.96,317.96,394.83,77.01,20.229,62.464817,12.8289995,0.0,954.83093,9.531505,100.88548,0,Islamabad,108.75649647887325,91.3838347489626,291.52416597679843,True,Crop Burning,"Air pollution has increased in Islamabad, with PM2.5 reaching 317.96. The probable cause of this pollution spike is Crop Burning. Children, elderly people, and respiratory patients should avoid outdoor activities. People are advised to wear masks, keep windows closed, and limit unnecessary travel."
2024-06-11 20:00:00,5,7263.18,83.15,202.89,0.0,39.1,307.76,385.91,74.98,19.479,67.388824,13.279,0.0,954.30615,10.041354,104.5345,0,Islamabad,108.75649647887325,91.3838347489626,291.52416597679843,True,Crop Burning,"Air pollution has increased in Islamabad, with PM2.5 reaching 307.76. The probable cause of this pollution spike is Crop Burning. Children, elderly people, and respiratory patients should avoid outdoor activities. People are advised to wear masks, keep windows closed, and limit unnecessary travel."
2024-06-11 21:00:00,5,6195.07,59.01,175.48,0.0,33.86,294.28,374.18,68.9,19.829,66.371704,13.379,0.0,953.905,9.12513,104.85866,0,Islamabad,108.75649647887325,91.3838347489626,291.52416597679843,True,Crop Burning,"Air pollution has increased in Islamabad, with PM2.5 reaching 294.28. The probable cause of this pollution spike is Crop Burning. Children, elderly people, and respiratory patients should avoid outdoor activities. People are advised to wear masks, keep windows closed, and limit unnecessary travel."
2024-06-12 15:00:00,5,5447.39,35.76,178.22,0.0,18.6,309.28,353.93,33.94,12.729,38.054684,-1.221,0.0,951.52814,3.7971036,5.4402504,0,Islamabad,108.75649647887325,91.3838347489626,291.52416597679843,True,Mixed Sources,"Air pollution has increased in Islamabad, with PM2.5 reaching 309.28. The probable cause of this pollution spike is Mixed Sources. Children, elderly people, and respiratory patients should avoid outdoor activities. People are advised to wear masks, keep windows closed, and limit unnecessary travel."
2024-06-12 16:00:00,5,5767.82,42.47,174.11,0.0,19.55,330.79,379.58,36.98,12.779,34.851883,-2.3709998,0.0,951.7263,4.5536795,341.56494,0,Islamabad,108.75649647887325,91.3838347489626,291.52416597679843,True,Mixed Sources,"Air pollution has increased in Islamabad, with PM2.5 reaching 330.79. The probable cause of this pollution spike is Mixed Sources. Children, elderly people, and respiratory patients should avoid outdoor activities. People are advised to wear masks, keep windows closed, and limit unnecessary travel."
2024-06-12 17:00:00,5,5928.04,46.04,171.36,0.0,20.27,340.96,394.11,39.52,11.929,35.24929,-2.9710002,0.0,951.54974,5.6521144,350.8377,0,Islamabad,108.75649647887325,91.3838347489626,291.52416597679843,True,Vehicular Emissions,"Air pollution has increased in Islamabad, with PM2.5 reaching 340.96. The probable cause of this pollution spike is Vehicular Emissions. Children, elderly people, and respiratory patients should avoid outdoor activities. People are advised to wear masks, keep windows closed, and limit unnecessary travel."
2024-06-12 18:00:00,5,5874.63,46.94,168.62,0.0,20.5,337.53,392.83,40.53,11.729,33.90134,-3.671,0.0,951.4142,4.68,360.0,0,Islamabad,108.75649647887325,91.3838347489626,291.52416597679843,True,Vehicular Emissions,"Air pollution has increased in Islamabad, with PM2.5 reaching 337.53. The probable cause of this pollution spike is Vehicular Emissions. Children, elderly people, and respiratory patients should avoid outdoor activities. People are advised to wear masks, keep windows closed, and limit unnecessary travel."
2024-06-12 19:00:00,5,5500.79,40.23,165.88,0.0,20.98,315.58,368.56,42.05,11.779,33.287792,-3.8710003,0.0,950.8611,3.0652895,3.3664,0,Islamabad,108.75649647887325,91.3838347489626,291.52416597679843,True,Mixed Sources,"Air pollution has increased in Islamabad, with PM2.5 reaching 315.58. The probable cause of this pollution spike is Mixed Sources. Children, elderly people, and respiratory patients should avoid outdoor activities. People are advised to wear masks, keep windows closed, and limit unnecessary travel."
2024-06-12 20:00:00,5,5126.95,29.95,164.51,0.0,21.93,298.15,347.81,45.6,11.879,32.945393,-3.921,0.0,950.5065,2.1897945,9.462248,0,Islamabad,108.75649647887325,91.3838347489626,291.52416597679843,True,Mixed Sources,"Air pollution has increased in Islamabad, with PM2.5 reaching 298.15. The probable cause of this pollution spike is Mixed Sources. Children, elderly people, and respiratory patients should avoid outdoor activities. People are advised to wear masks, keep windows closed, and limit unnecessary travel."
2024-07-11 03:00:00,5,6675.72,123.38,111.04,2.46,37.19,319.34,394.69,84.1,21.379002,75.0651,16.779001,0.0,956.5627,5.3305535,101.68935,98,Islamabad,108.75649647887325,91.3838347489626,291.52416597679843,True,Crop Burning,"Air pollution has increased in Islamabad, with PM2.5 reaching 319.34. The probable cause of this pollution spike is Crop Burning. Children, elderly people, and respiratory patients should avoid outdoor activities. People are advised to wear masks, keep windows closed, and limit unnecessary travel."
2024-07-11 04:00:00,5,7797.24,162.72,112.41,6.08,27.89,328.45,405.89,64.34,23.129002,62.51118,15.5789995,0.0,957.28064,4.143911,145.6196,254,Islamabad,108.75649647887325,91.3838347489626,291.52416597679843,True,Crop Burning,"Air pollution has increased in Islamabad, with PM2.5 reaching 328.45. The probable cause of this pollution spike is Crop Burning. Children, elderly people, and respiratory patients should avoid outdoor activities. People are advised to wear masks, keep windows closed, and limit unnecessary travel."
2024-07-11 05:00:00,5,7690.43,148.42,126.12,11.27,21.46,318.26,394.65,48.13,23.829,62.86736,16.329,0.0,957.6045,4.952453,160.90642,403,Islamabad,108.75649647887325,91.3838347489626,291.52416597679843,True,Mixed Sources,"Air pollution has increased in Islamabad, with PM2.5 reaching 318.26. The probable cause of this pollution spike is Mixed Sources. Children, elderly people, and respiratory patients should avoid outdoor activities. People are advised to wear masks, keep windows closed, and limit unnecessary travel."
2024-07-11 06:00:00,5,7049.56,101.92,145.32,22.71,18.6,299.41,369.87,36.48,24.529001,63.42247,17.129002,0.0,957.363,5.068846,163.49556,509,Islamabad,108.75649647887325,91.3838347489626,291.52416597679843,True,Vehicular Emissions,"Air pollution has increased in Islamabad, with PM2.5 reaching 299.41. The probable cause of this pollution spike is Vehicular Emissions. Children, elderly people, and respiratory patients should avoid outdoor activities. People are advised to wear masks, keep windows closed, and limit unnecessary travel."
2024-07-11 12:00:00,5,6835.94,53.64,246.76,4.69,82.02,303.82,353.93,39.52,24.029001,70.92698,18.429,0.0,954.8184,4.14,90.0,62,Islamabad,108.75649647887325,91.3838347489626,291.52416597679843,True,Vehicular Emissions,"Air pollution has increased in Islamabad, with PM2.5 reaching 303.82. The probable cause of this pollution spike is Vehicular Emissions. Children, elderly people, and respiratory patients should avoid outdoor activities. People are advised to wear masks, keep windows closed, and limit unnecessary travel."
2024-07-11 13:00:00,5,9506.23,118.02,293.37,0.03,98.23,345.37,401.31,52.18,22.129002,78.57354,18.229,0.0,954.92114,4.514377,66.50142,0,Islamabad,108.75649647887325,91.3838347489626,291.52416597679843,True,Crop Burning,"Air pollution has increased in Islamabad, with PM2.5 reaching 345.37. The probable cause of this pollution spike is Crop Burning. Children, elderly people, and respiratory patients should avoid outdoor activities. People are advised to wear masks, keep windows closed, and limit unnecessary travel."
2024-07-11 14:00:00,5,10467.53,141.26,315.31,0.0,102.04,384.8,447.71,62.32,21.679,76.79499,17.429,0.0,955.30396,4.514377,66.50142,0,Islamabad,108.75649647887325,91.3838347489626,291.52416597679843,True,Crop Burning,"Air pollution has increased in Islamabad, with PM2.5 reaching 384.8. The probable cause of this pollution spike is Crop Burning. Children, elderly people, and respiratory patients should avoid outdoor activities. People are advised to wear masks, keep windows closed, and limit unnecessary travel."
2024-07-11 15:00:00,5,10574.34,130.53,312.57,0.0,89.65,413.39,484.45,69.92,21.429,72.49403,16.279001,0.0,955.8195,5.3999996,90.0,0,Islamabad,108.75649647887325,91.3838347489626,291.52416597679843,True,Crop Burning,"Air pollution has increased in Islamabad, with PM2.5 reaching 413.39. The probable cause of this pollution spike is Crop Burning. Children, elderly people, and respiratory patients should avoid outdoor activities. People are advised to wear masks, keep windows closed, and limit unnecessary travel."
2024-07-11 16:00:00,5,9719.85,116.23,271.44,0.0,56.27,410.66,490.8,64.85,21.229,71.76788,15.929,0.0,956.25104,7.555712,102.38075,0,Islamabad,108.75649647887325,91.3838347489626,291.52416597679843,True,Crop Burning,"Air pollution has increased in Islamabad, with PM2.5 reaching 410.66. The probable cause of this pollution spike is Crop Burning. Children, elderly people, and respiratory patients should avoid outdoor activities. People are advised to wear masks, keep windows closed, and limit unnecessary travel."
2024-07-11 17:00:00,5,8224.49,95.67,216.6,0.0,39.1,385.01,473.53,63.33,21.329,74.345184,16.579,0.0,956.27075,8.311245,107.650215,0,Islamabad,108.75649647887325,91.3838347489626,291.52416597679843,True,Crop Burning,"Air pollution has increased in Islamabad, with PM2.5 reaching 385.01. The probable cause of this pollution spike is Crop Burning. Children, elderly people, and respiratory patients should avoid outdoor activities. People are advised to wear masks, keep windows closed, and limit unnecessary travel."
2024-07-11 18:00:00,5,6782.53,77.78,169.99,0.0,32.9,354.91,446.47,60.8,21.279001,76.49045,16.979,0.0,956.16656,8.209263,105.25517,0,Islamabad,108.75649647887325,91.3838347489626,291.52416597679843,True,Crop Burning,"Air pollution has increased in Islamabad, with PM2.5 reaching 354.91. The probable cause of this pollution spike is Crop Burning. Children, elderly people, and respiratory patients should avoid outdoor activities. People are advised to wear masks, keep windows closed, and limit unnecessary travel."
2024-07-11 19:00:00,5,5607.6,59.9,143.95,0.0,29.33,321.34,408.47,55.22,20.979,78.40704,17.079,0.0,955.8255,7.6367526,98.13002,0,Islamabad,108.75649647887325,91.3838347489626,291.52416597679843,True,Crop Burning,"Air pollution has increased in Islamabad, with PM2.5 reaching 321.34. The probable cause of this pollution spike is Crop Burning. Children, elderly people, and respiratory patients should avoid outdoor activities. People are advised to wear masks, keep windows closed, and limit unnecessary travel."
2024-07-11 20:00:00,5,4646.3,37.55,127.49,0.0,25.03,295.38,376.22,47.62,20.529001,79.84703,16.929,0.0,955.17224,7.2022495,91.43207,0,Islamabad,108.75649647887325,91.3838347489626,291.52416597679843,True,Mixed Sources,"Air pollution has increased in Islamabad, with PM2.5 reaching 295.38. The probable cause of this pollution spike is Mixed Sources. Children, elderly people, and respiratory patients should avoid outdoor activities. People are advised to wear masks, keep windows closed, and limit unnecessary travel."
2024-07-12 03:00:00,5,5981.45,76.0,149.43,0.64,38.62,333.71,387.39,96.26,9.179,47.295685,-1.471,0.0,950.78394,0.6489992,123.690094,43,Islamabad,108.75649647887325,91.3838347489626,291.52416597679843,True,Crop Burning,"Air pollution has increased in Islamabad, with PM2.5 reaching 333.71. The probable cause of this pollution spike is Crop Burning. Children, elderly people, and respiratory patients should avoid outdoor activities. People are advised to wear masks, keep windows closed, and limit unnecessary travel."
2024-07-12 04:00:00,5,7263.18,123.38,150.8,6.35,34.81,379.03,439.46,90.18,11.729,40.195972,-1.3709999,0.0,951.97766,4.3349743,131.63345,185,Islamabad,108.75649647887325,91.3838347489626,291.52416597679843,True,Crop Burning,"Air pollution has increased in Islamabad, with PM2.5 reaching 379.03. The probable cause of this pollution spike is Crop Burning. Children, elderly people, and respiratory patients should avoid outdoor activities. People are advised to wear masks, keep windows closed, and limit unnecessary travel."
2024-07-12 05:00:00,5,8224.49,141.26,165.88,15.02,30.28,418.47,483.79,76.0,14.279,35.683628,-0.72099996,0.0,952.8812,4.0249224,153.43501,337,Islamabad,108.75649647887325,91.3838347489626,291.52416597679843,True,Crop Burning,"Air pollution has increased in Islamabad, with PM2.5 reaching 418.47. The probable cause of this pollution spike is Crop Burning. Children, elderly people, and respiratory patients should avoid outdoor activities. People are advised to wear masks, keep windows closed, and limit unnecessary travel."
2024-07-12 06:00:00,5,8651.73,123.38,200.15,29.33,30.99,444.81,509.66,64.85,16.429,32.35553,-0.171,0.0,952.755,5.020677,165.4655,453,Islamabad,108.75649647887325,91.3838347489626,291.52416597679843,True,Crop Burning,"Air pollution has increased in Islamabad, with PM2.5 reaching 444.81. The probable cause of this pollution spike is Crop Burning. Children, elderly people, and respiratory patients should avoid outdoor activities. People are advised to wear masks, keep windows closed, and limit unnecessary travel."
2024-07-12 13:00:00,5,7370.0,59.01,260.47,0.0,50.54,306.02,352.71,46.1,12.229,45.147026,0.679,0.0,950.673,8.217153,61.189304,0,Islamabad,108.75649647887325,91.3838347489626,291.52416597679843,True,Vehicular Emissions,"Air pollution has increased in Islamabad, with PM2.5 reaching 306.02. The probable cause of this pollution spike is Vehicular Emissions. Children, elderly people, and respiratory patients should avoid outdoor activities. People are advised to wear masks, keep windows closed, and limit unnecessary travel."
2024-07-12 14:00:00,5,7583.62,80.47,238.54,0.0,39.1,291.66,344.87,49.65,10.529,44.492115,-1.071,0.0,950.5058,9.531505,79.11452,0,Islamabad,108.75649647887325,91.3838347489626,291.52416597679843,True,Vehicular Emissions,"Air pollution has increased in Islamabad, with PM2.5 reaching 291.66. The probable cause of this pollution spike is Vehicular Emissions. Children, elderly people, and respiratory patients should avoid outdoor activities. People are advised to wear masks, keep windows closed, and limit unnecessary travel."
2024-08-11 02:00:00,5,3685.0,26.15,68.55,0.07,19.55,296.68,355.86,29.64,21.879002,74.67335,17.179,0.0,956.2841,4.755544,330.5242,5,Islamabad,108.75649647887325,91.3838347489626,291.52416597679843,True,Mixed Sources,"Air pollution has increased in Islamabad, with PM2.5 reaching 296.68. The probable cause of this pollution spike is Mixed Sources. Children, elderly people, and respiratory patients should avoid outdoor activities. People are advised to wear masks, keep windows closed, and limit unnecessary travel."
2024-08-11 03:00:00,5,5287.17,79.57,78.83,0.47,19.31,329.69,391.78,25.33,21.179,82.233025,18.029001,0.0,956.71155,2.6758924,312.27362,90,Islamabad,108.75649647887325,91.3838347489626,291.52416597679843,True,Mixed Sources,"Air pollution has increased in Islamabad, with PM2.5 reaching 329.69. The probable cause of this pollution spike is Mixed Sources. Children, elderly people, and respiratory patients should avoid outdoor activities. People are advised to wear masks, keep windows closed, and limit unnecessary travel."
2024-08-11 04:00:00,5,6301.88,114.44,86.37,2.44,19.55,351.72,413.93,20.77,22.079,79.30922,18.329,0.0,957.26447,5.5450516,283.13403,241,Islamabad,108.75649647887325,91.3838347489626,291.52416597679843,True,Mixed Sources,"Air pollution has increased in Islamabad, with PM2.5 reaching 351.72. The probable cause of this pollution spike is Mixed Sources. Children, elderly people, and respiratory patients should avoid outdoor activities. People are advised to wear masks, keep windows closed, and limit unnecessary travel."
2024-08-11 05:00:00,5,6568.91,111.76,104.19,7.06,20.27,364.37,425.65,20.27,23.179,77.26575,18.979,0.0,957.3845,6.77575,286.9909,391,Islamabad,108.75649647887325,91.3838347489626,291.52416597679843,True,Mixed Sources,"Air pollution has increased in Islamabad, with PM2.5 reaching 364.37. The probable cause of this pollution spike is Mixed Sources. Children, elderly people, and respiratory patients should avoid outdoor activities. People are advised to wear masks, keep windows closed, and limit unnecessary travel."
2024-08-11 06:00:00,5,6195.07,79.57,130.24,18.24,21.22,372.12,430.84,19.51,24.179,73.43421,19.129002,0.0,957.0131,7.8583965,290.0953,498,Islamabad,108.75649647887325,91.3838347489626,291.52416597679843,True,Mixed Sources,"Air pollution has increased in Islamabad, with PM2.5 reaching 372.12. The probable cause of this pollution spike is Mixed Sources. Children, elderly people, and respiratory patients should avoid outdoor activities. People are advised to wear masks, keep windows closed, and limit unnecessary travel."
2024-08-11 12:00:00,5,5180.36,54.09,178.22,1.92,31.47,293.45,345.93,30.15,22.329,83.92531,19.479,0.0,954.2073,4.9785542,347.4712,59,Islamabad,108.75649647887325,91.3838347489626,291.52416597679843,True,Vehicular Emissions,"Air pollution has increased in Islamabad, with PM2.5 reaching 293.45. The probable cause of this pollution spike is Vehicular Emissions. Children, elderly people, and respiratory patients should avoid outdoor activities. People are advised to wear masks, keep windows closed, and limit unnecessary travel."
2024-08-11 13:00:00,5,6942.75,121.59,197.41,0.0,35.76,313.16,369.61,41.04,21.579,84.63081,18.879002,0.0,954.5314,5.2323985,26.564985,0,Islamabad,108.75649647887325,91.3838347489626,291.52416597679843,True,Vehicular Emissions,"Air pollution has increased in Islamabad, with PM2.5 reaching 313.16. The probable cause of this pollution spike is Vehicular Emissions. Children, elderly people, and respiratory patients should avoid outdoor activities. People are advised to wear masks, keep windows closed, and limit unnecessary travel."
2024-08-11 14:00:00,5,7797.24,148.42,208.38,0.0,37.19,324.91,386.02,49.14,21.379002,82.77513,18.329,0.0,954.86884,4.4456716,31.75944,0,Islamabad,108.75649647887325,91.3838347489626,291.52416597679843,True,Vehicular Emissions,"Air pollution has increased in Islamabad, with PM2.5 reaching 324.91. The probable cause of this pollution spike is Vehicular Emissions. Children, elderly people, and respiratory patients should avoid outdoor activities. People are advised to wear masks, keep windows closed, and limit unnecessary travel."
2024-08-11 15:00:00,5,7583.62,139.47,191.93,0.0,33.86,329.31,395.54,51.17,20.729,83.745544,17.879002,0.0,955.02344,3.693291,43.02507,0,Islamabad,108.75649647887325,91.3838347489626,291.52416597679843,True,Crop Burning,"Air pollution has increased in Islamabad, with PM2.5 reaching 329.31. The probable cause of this pollution spike is Crop Burning. Children, elderly people, and respiratory patients should avoid outdoor activities. People are advised to wear masks, keep windows closed, and limit unnecessary travel."
2024-08-11 16:00:00,5,7476.81,130.53,183.7,0.0,32.42,340.57,411.93,53.2,20.229,83.688774,17.379002,0.0,955.2073,2.657668,61.69934,0,Islamabad,108.75649647887325,91.3838347489626,291.52416597679843,True,Crop Burning,"Air pollution has increased in Islamabad, with PM2.5 reaching 340.57. The probable cause of this pollution spike is Crop Burning. Children, elderly people, and respiratory patients should avoid outdoor activities. People are advised to wear masks, keep windows closed, and limit unnecessary travel."
2024-08-11 17:00:00,5,7476.81,123.38,186.44,0.0,35.76,354.06,430.54,63.33,20.329,81.09512,16.979,0.0,955.41516,6.725354,105.52418,0,Islamabad,108.75649647887325,91.3838347489626,291.52416597679843,True,Crop Burning,"Air pollution has increased in Islamabad, with PM2.5 reaching 354.06. The probable cause of this pollution spike is Crop Burning. Children, elderly people, and respiratory patients should avoid outdoor activities. People are advised to wear masks, keep windows closed, and limit unnecessary travel."
2024-08-11 18:00:00,5,7263.18,114.44,180.96,0.0,34.81,356.19,435.0,66.88,20.129002,81.58499,16.879002,0.0,955.3755,8.827344,110.28265,0,Islamabad,108.75649647887325,91.3838347489626,291.52416597679843,True,Crop Burning,"Air pollution has increased in Islamabad, with PM2.5 reaching 356.19. The probable cause of this pollution spike is Crop Burning. Children, elderly people, and respiratory patients should avoid outdoor activities. People are advised to wear masks, keep windows closed, and limit unnecessary travel."
2024-08-11 19:00:00,5,6835.94,102.82,172.73,0.0,31.95,342.49,418.97,63.84,23.579,66.93329,17.079,0.0,955.7675,4.5572357,99.090195,0,Islamabad,108.75649647887325,91.3838347489626,291.52416597679843,True,Crop Burning,"Air pollution has increased in Islamabad, with PM2.5 reaching 342.49. The probable cause of this pollution spike is Crop Burning. Children, elderly people, and respiratory patients should avoid outdoor activities. People are advised to wear masks, keep windows closed, and limit unnecessary travel."
2024-08-11 20:00:00,5,6141.66,83.15,160.4,0.0,28.61,327.62,400.6,59.28,23.229,66.861755,16.729,0.0,955.4173,0.17999999,360.0,0,Islamabad,108.75649647887325,91.3838347489626,291.52416597679843,True,Crop Burning,"Air pollution has increased in Islamabad, with PM2.5 reaching 327.62. The probable cause of this pollution spike is Crop Burning. Children, elderly people, and respiratory patients should avoid outdoor activities. People are advised to wear masks, keep windows closed, and limit unnecessary travel."
2024-08-11 21:00:00,5,5447.39,62.58,145.32,0.0,25.51,315.04,384.99,55.73,22.679,68.252914,16.529001,0.0,955.21655,2.1674871,355.23645,0,Islamabad,108.75649647887325,91.3838347489626,291.52416597679843,True,Crop Burning,"Air pollution has increased in Islamabad, with PM2.5 reaching 315.04. The probable cause of this pollution spike is Crop Burning. Children, elderly people, and respiratory patients should avoid outdoor activities. People are advised to wear masks, keep windows closed, and limit unnecessary travel."
2024-08-11 22:00:00,5,4592.9,42.47,123.38,0.0,21.93,296.97,361.8,49.14,22.379002,68.62906,16.329,0.0,954.9699,2.4482648,323.97253,0,Islamabad,108.75649647887325,91.3838347489626,291.52416597679843,True,Mixed Sources,"Air pollution has increased in Islamabad, with PM2.5 reaching 296.97. The probable cause of this pollution spike is Mixed Sources. Children, elderly people, and respiratory patients should avoid outdoor activities. People are advised to wear masks, keep windows closed, and limit unnecessary travel."
2024-09-11 03:00:00,5,5073.55,91.2,71.97,0.42,21.22,308.85,372.28,45.6,19.729,83.89722,16.929,0.0,956.61346,2.0523157,127.875046,83,Islamabad,108.75649647887325,91.3838347489626,291.52416597679843,True,Mixed Sources,"Air pollution has increased in Islamabad, with PM2.5 reaching 308.85. The probable cause of this pollution spike is Mixed Sources. Children, elderly people, and respiratory patients should avoid outdoor activities. People are advised to wear masks, keep windows closed, and limit unnecessary travel."
2024-09-11 04:00:00,5,5928.04,125.17,70.6,2.15,17.88,317.96,382.09,31.66,20.729,86.146454,18.329,0.0,957.37573,3.0758414,200.55612,225,Islamabad,108.75649647887325,91.3838347489626,291.52416597679843,True,Mixed Sources,"Air pollution has increased in Islamabad, with PM2.5 reaching 317.96. The probable cause of this pollution spike is Mixed Sources. Children, elderly people, and respiratory patients should avoid outdoor activities. People are advised to wear masks, keep windows closed, and limit unnecessary travel."
2024-09-11 05:00:00,5,5874.63,116.23,79.51,6.17,15.5,310.25,371.59,24.83,22.079,82.08614,18.879002,0.0,957.73505,3.9518096,239.9315,374,Islamabad,108.75649647887325,91.3838347489626,291.52416597679843,True,Mixed Sources,"Air pollution has increased in Islamabad, with PM2.5 reaching 310.25. The probable cause of this pollution spike is Mixed Sources. Children, elderly people, and respiratory patients should avoid outdoor activities. People are advised to wear masks, keep windows closed, and limit unnecessary travel."
2024-11-12 16:00:00,5,6942.75,114.44,160.4,0.0,19.07,306.3,363.06,48.13,9.279,50.17451,-0.571,0.0,954.74713,2.4482646,17.102825,0,Islamabad,108.75649647887325,91.3838347489626,291.52416597679843,True,Vehicular Emissions,"Air pollution has increased in Islamabad, with PM2.5 reaching 306.3. The probable cause of this pollution spike is Vehicular Emissions. Children, elderly people, and respiratory patients should avoid outdoor activities. People are advised to wear masks, keep windows closed, and limit unnecessary travel."
2024-11-12 17:00:00,5,7476.81,125.17,168.62,0.0,21.93,326.84,390.69,55.73,8.979,49.363457,-1.071,0.0,954.58936,1.8792552,16.699326,0,Islamabad,108.75649647887325,91.3838347489626,291.52416597679843,True,Crop Burning,"Air pollution has increased in Islamabad, with PM2.5 reaching 326.84. The probable cause of this pollution spike is Crop Burning. Children, elderly people, and respiratory patients should avoid outdoor activities. People are advised to wear masks, keep windows closed, and limit unnecessary travel."
2024-11-12 18:00:00,5,7476.81,126.96,171.36,0.0,24.08,324.16,391.39,60.29,8.8289995,49.14074,-1.271,0.0,954.3697,1.659518,347.4712,0,Islamabad,108.75649647887325,91.3838347489626,291.52416597679843,True,Crop Burning,"Air pollution has increased in Islamabad, with PM2.5 reaching 324.16. The probable cause of this pollution spike is Crop Burning. Children, elderly people, and respiratory patients should avoid outdoor activities. People are advised to wear masks, keep windows closed, and limit unnecessary travel."
2024-11-12 19:00:00,5,6942.75,114.44,168.62,0.0,22.41,295.32,359.46,56.24,7.679,54.90549,-0.821,0.0,953.4665,3.396233,327.99466,0,Islamabad,108.75649647887325,91.3838347489626,291.52416597679843,True,Crop Burning,"Air pollution has increased in Islamabad, with PM2.5 reaching 295.32. The probable cause of this pollution spike is Crop Burning. Children, elderly people, and respiratory patients should avoid outdoor activities. People are advised to wear masks, keep windows closed, and limit unnecessary travel."
2024-12-12 05:00:00,5,9185.79,232.46,128.87,5.54,23.13,307.99,370.86,57.76,12.229,48.16292,1.579,0.0,957.52924,2.6999998,270.0,311,Islamabad,108.75649647887325,91.3838347489626,291.52416597679843,True,Crop Burning,"Air pollution has increased in Islamabad, with PM2.5 reaching 307.99. The probable cause of this pollution spike is Crop Burning. Children, elderly people, and respiratory patients should avoid outdoor activities. People are advised to wear masks, keep windows closed, and limit unnecessary travel."
2024-12-12 06:00:00,5,8972.17,214.58,145.32,10.55,21.93,293.75,349.05,47.12,13.929,42.336975,1.329,0.0,957.6947,4.6277857,283.49576,428,Islamabad,108.75649647887325,91.3838347489626,291.52416597679843,True,Vehicular Emissions,"Air pollution has increased in Islamabad, with PM2.5 reaching 293.75. The probable cause of this pollution spike is Vehicular Emissions. Children, elderly people, and respiratory patients should avoid outdoor activities. People are advised to wear masks, keep windows closed, and limit unnecessary travel."
2024-12-12 17:00:00,5,7263.18,121.59,164.51,0.0,14.66,293.39,352.18,42.56,9.529,44.037525,-2.1209998,0.0,957.9918,4.6277857,13.495748,0,Islamabad,108.75649647887325,91.3838347489626,291.52416597679843,True,Vehicular Emissions,"Air pollution has increased in Islamabad, with PM2.5 reaching 293.39. The probable cause of this pollution spike is Vehicular Emissions. Children, elderly people, and respiratory patients should avoid outdoor activities. People are advised to wear masks, keep windows closed, and limit unnecessary travel."
2024-01-12 03:00:00,5,2723.69,0.87,71.97,27.89,24.56,208.88,301.55,32.93,20.6065,58.00964,12.0565,0.0,1013.3748,7.386582,43.02507,51,Karachi,52.37879694835681,65.54644450299342,183.47168595434366,True,Mixed Sources,"Air pollution has increased in Karachi, with PM2.5 reaching 208.88. The probable cause of this pollution spike is Mixed Sources. Children, elderly people, and respiratory patients should avoid outdoor activities. People are advised to wear masks, keep windows closed, and limit unnecessary travel."
2024-01-12 04:00:00,5,4058.84,20.34,101.45,15.74,31.47,256.88,360.95,47.12,22.6065,49.3381,11.4565,0.0,1013.97974,4.978554,49.398785,217,Karachi,52.37879694835681,65.54644450299342,183.47168595434366,True,Mixed Sources,"Air pollution has increased in Karachi, with PM2.5 reaching 256.88. The probable cause of this pollution spike is Mixed Sources. Children, elderly people, and respiratory patients should avoid outdoor activities. People are advised to wear masks, keep windows closed, and limit unnecessary travel."
2024-01-12 05:00:00,5,4806.52,40.68,113.79,24.68,36.72,281.26,399.3,54.21,25.3565,36.48119,9.4065,0.0,1014.1872,4.913044,81.57312,400,Karachi,52.37879694835681,65.54644450299342,183.47168595434366,True,Industrial Emissions,"Air pollution has increased in Karachi, with PM2.5 reaching 281.26. The probable cause of this pollution spike is Industrial Emissions. Children, elderly people, and respiratory patients should avoid outdoor activities. People are advised to wear masks, keep windows closed, and limit unnecessary travel."
2024-01-12 06:00:00,5,4913.33,36.66,124.75,45.42,41.01,290.15,418.89,54.72,27.3065,29.378204,7.9065,0.0,1013.59314,6.1858225,98.3658,548,Karachi,52.37879694835681,65.54644450299342,183.47168595434366,True,Industrial Emissions,"Air pollution has increased in Karachi, with PM2.5 reaching 290.15. The probable cause of this pollution spike is Industrial Emissions. Children, elderly people, and respiratory patients should avoid outdoor activities. People are advised to wear masks, keep windows closed, and limit unnecessary travel."
2024-01-12 16:00:00,5,2803.8,0.0,101.45,81.54,58.65,183.62,244.67,29.39,25.1565,38.04964,9.856501,0.0,1010.8892,6.7469993,350.78906,0,Karachi,52.37879694835681,65.54644450299342,183.47168595434366,True,Industrial Emissions,"Air pollution has increased in Karachi, with PM2.5 reaching 183.62. The probable cause of this pollution spike is Industrial Emissions. Children, elderly people, and respiratory patients should avoid outdoor activities. People are advised to wear masks, keep windows closed, and limit unnecessary travel."
2024-01-12 17:00:00,5,4859.92,0.04,169.99,31.83,62.94,299.96,371.51,52.18,24.4065,40.194168,10.0065,0.0,1011.1871,7.970972,6.482988,0,Karachi,52.37879694835681,65.54644450299342,183.47168595434366,True,Industrial Emissions,"Air pollution has increased in Karachi, with PM2.5 reaching 299.96. The probable cause of this pollution spike is Industrial Emissions. Children, elderly people, and respiratory patients should avoid outdoor activities. People are advised to wear masks, keep windows closed, and limit unnecessary travel."
2024-01-12 18:00:00,5,6034.85,2.24,197.41,6.26,59.13,380.54,457.67,64.34,23.9065,41.556984,10.0565,0.0,1011.08594,8.027677,19.653913,0,Karachi,52.37879694835681,65.54644450299342,183.47168595434366,True,Crop Burning,"Air pollution has increased in Karachi, with PM2.5 reaching 380.54. The probable cause of this pollution spike is Crop Burning. Children, elderly people, and respiratory patients should avoid outdoor activities. People are advised to wear masks, keep windows closed, and limit unnecessary travel."
2024-01-12 19:00:00,5,5661.01,5.48,171.36,1.27,47.21,358.04,432.35,57.76,23.706501,41.223637,9.7565,0.0,1011.28503,7.327127,27.824009,0,Karachi,52.37879694835681,65.54644450299342,183.47168595434366,True,Crop Burning,"Air pollution has increased in Karachi, with PM2.5 reaching 358.04. The probable cause of this pollution spike is Crop Burning. Children, elderly people, and respiratory patients should avoid outdoor activities. People are advised to wear masks, keep windows closed, and limit unnecessary travel."
2024-01-12 20:00:00,5,4486.08,1.98,134.35,4.78,35.76,279.37,350.39,43.06,23.1565,42.471752,9.7065,0.0,1010.7839,7.1684303,28.495539,0,Karachi,52.37879694835681,65.54644450299342,183.47168595434366,True,Industrial Emissions,"Air pollution has increased in Karachi, with PM2.5 reaching 279.37. The probable cause of this pollution spike is Industrial Emissions. Children, elderly people, and respiratory patients should avoid outdoor activities. People are advised to wear masks, keep windows closed, and limit unnecessary travel."
2024-01-12 21:00:00,5,3231.05,0.06,91.85,18.95,29.56,208.01,280.39,32.42,22.456501,45.82033,10.2065,0.0,1010.5823,7.5019197,30.256361,0,Karachi,52.37879694835681,65.54644450299342,183.47168595434366,True,Mixed Sources,"Air pollution has increased in Karachi, with PM2.5 reaching 208.01. The probable cause of this pollution spike is Mixed Sources. Children, elderly people, and respiratory patients should avoid outdoor activities. People are advised to wear masks, keep windows closed, and limit unnecessary travel."
2024-02-12 03:00:00,5,3391.27,2.43,94.59,17.88,33.86,229.3,326.29,47.12,20.456501,50.422203,9.8065,0.0,1012.07526,7.596341,36.326923,50,Karachi,52.37879694835681,65.54644450299342,183.47168595434366,True,Industrial Emissions,"Air pollution has increased in Karachi, with PM2.5 reaching 229.3. The probable cause of this pollution spike is Industrial Emissions. Children, elderly people, and respiratory patients should avoid outdoor activities. People are advised to wear masks, keep windows closed, and limit unnecessary travel."
2024-02-12 04:00:00,5,5180.36,37.55,123.38,9.3,42.92,295.49,406.44,66.88,22.3565,44.58268,9.7065,0.0,1013.1798,5.369916,50.440376,219,Karachi,52.37879694835681,65.54644450299342,183.47168595434366,True,Industrial Emissions,"Air pollution has increased in Karachi, with PM2.5 reaching 295.49. The probable cause of this pollution spike is Industrial Emissions. Children, elderly people, and respiratory patients should avoid outdoor activities. People are advised to wear masks, keep windows closed, and limit unnecessary travel."
2024-02-12 05:00:00,5,6195.07,67.95,135.72,16.99,49.11,325.59,449.58,74.98,24.956501,35.638844,8.7065,0.0,1013.48676,5.7964473,64.23073,401,Karachi,52.37879694835681,65.54644450299342,183.47168595434366,True,Crop Burning,"Air pollution has increased in Karachi, with PM2.5 reaching 325.59. The probable cause of this pollution spike is Crop Burning. Children, elderly people, and respiratory patients should avoid outdoor activities. People are advised to wear masks, keep windows closed, and limit unnecessary travel."
2024-02-12 06:00:00,5,5981.45,57.22,145.32,33.62,52.93,322.82,453.79,72.96,27.1565,31.715347,8.9065,0.0,1012.89307,6.601363,64.133705,549,Karachi,52.37879694835681,65.54644450299342,183.47168595434366,True,Crop Burning,"Air pollution has increased in Karachi, with PM2.5 reaching 322.82. The probable cause of this pollution spike is Crop Burning. Children, elderly people, and respiratory patients should avoid outdoor activities. People are advised to wear masks, keep windows closed, and limit unnecessary travel."
2024-02-12 15:00:00,5,5714.42,24.14,202.89,0.12,58.17,256.08,329.53,62.32,25.956501,40.76379,11.606501,0.0,1011.8906,7.4867883,332.81897,0,Karachi,52.37879694835681,65.54644450299342,183.47168595434366,True,Crop Burning,"Air pollution has increased in Karachi, with PM2.5 reaching 256.08. The probable cause of this pollution spike is Crop Burning. Children, elderly people, and respiratory patients should avoid outdoor activities. People are advised to wear masks, keep windows closed, and limit unnecessary travel."
2024-02-12 16:00:00,5,7156.37,52.75,197.41,0.0,60.08,348.36,433.43,83.09,25.2565,41.52058,11.2565,0.0,1012.3884,8.32877,6.20336,0,Karachi,52.37879694835681,65.54644450299342,183.47168595434366,True,Crop Burning,"Air pollution has increased in Karachi, with PM2.5 reaching 348.36. The probable cause of this pollution spike is Crop Burning. Children, elderly people, and respiratory patients should avoid outdoor activities. People are advised to wear masks, keep windows closed, and limit unnecessary travel."
2024-02-12 17:00:00,5,7263.18,65.27,164.51,0.0,57.7,381.49,477.22,89.17,24.9065,42.25537,11.2065,0.0,1012.78705,8.383054,14.931467,0,Karachi,52.37879694835681,65.54644450299342,183.47168595434366,True,Crop Burning,"Air pollution has increased in Karachi, with PM2.5 reaching 381.49. The probable cause of this pollution spike is Crop Burning. Children, elderly people, and respiratory patients should avoid outdoor activities. People are advised to wear masks, keep windows closed, and limit unnecessary travel."
2024-02-12 18:00:00,5,5874.63,47.83,124.75,0.0,48.16,332.71,433.99,77.01,24.3565,43.235764,11.0565,0.0,1012.78577,7.989242,22.520613,0,Karachi,52.37879694835681,65.54644450299342,183.47168595434366,True,Crop Burning,"Air pollution has increased in Karachi, with PM2.5 reaching 332.71. The probable cause of this pollution spike is Crop Burning. Children, elderly people, and respiratory patients should avoid outdoor activities. People are advised to wear masks, keep windows closed, and limit unnecessary travel."
2024-02-12 19:00:00,5,3204.35,4.08,89.11,10.73,33.86,206.14,306.48,44.58,23.6565,44.79416,10.9565,0.0,1012.88354,7.754637,21.801476,0,Karachi,52.37879694835681,65.54644450299342,183.47168595434366,True,Industrial Emissions,"Air pollution has increased in Karachi, with PM2.5 reaching 206.14. The probable cause of this pollution spike is Industrial Emissions. Children, elderly people, and respiratory patients should avoid outdoor activities. People are advised to wear masks, keep windows closed, and limit unnecessary travel."
2024-04-11 05:00:00,5,4753.11,60.8,132.98,28.97,71.53,203.09,280.34,48.13,28.5565,64.88454,21.3065,0.0,1013.69617,4.978554,319.39877,477,Karachi,52.37879694835681,65.54644450299342,183.47168595434366,True,Industrial Emissions,"Air pollution has increased in Karachi, with PM2.5 reaching 203.09. The probable cause of this pollution spike is Industrial Emissions. Children, elderly people, and respiratory patients should avoid outdoor activities. People are advised to wear masks, keep windows closed, and limit unnecessary travel."
2024-04-11 06:00:00,5,4806.52,37.1,164.51,77.96,79.15,241.64,323.75,47.12,31.1565,46.388245,18.3065,0.0,1013.0037,4.353619,262.8751,635,Karachi,52.37879694835681,65.54644450299342,183.47168595434366,True,Industrial Emissions,"Air pollution has increased in Karachi, with PM2.5 reaching 241.64. The probable cause of this pollution spike is Industrial Emissions. Children, elderly people, and respiratory patients should avoid outdoor activities. People are advised to wear masks, keep windows closed, and limit unnecessary travel."
2024-04-11 07:00:00,5,4165.65,18.1,153.54,157.36,61.99,269.28,353.03,35.97,32.8565,35.84793,15.7565,0.0,1012.1089,10.316686,222.87889,724,Karachi,52.37879694835681,65.54644450299342,183.47168595434366,True,Industrial Emissions,"Air pollution has increased in Karachi, with PM2.5 reaching 269.28. The probable cause of this pollution spike is Industrial Emissions. Children, elderly people, and respiratory patients should avoid outdoor activities. People are advised to wear masks, keep windows closed, and limit unnecessary travel."
2024-04-11 08:00:00,5,3284.45,10.28,119.27,217.44,39.1,270.73,357.73,26.35,32.9065,38.70755,17.0065,0.0,1011.1097,16.388897,218.7581,742,Karachi,52.37879694835681,65.54644450299342,183.47168595434366,True,Industrial Emissions,"Air pollution has increased in Karachi, with PM2.5 reaching 270.73. The probable cause of this pollution spike is Industrial Emissions. Children, elderly people, and respiratory patients should avoid outdoor activities. People are advised to wear masks, keep windows closed, and limit unnecessary travel."
2024-04-11 09:00:00,5,2429.96,6.37,84.31,234.6,24.56,217.81,303.03,20.52,32.3565,43.744953,18.456501,0.0,1010.30896,19.761507,221.67679,689,Karachi,52.37879694835681,65.54644450299342,183.47168595434366,True,Mixed Sources,"Air pollution has increased in Karachi, with PM2.5 reaching 217.81. The probable cause of this pollution spike is Mixed Sources. Children, elderly people, and respiratory patients should avoid outdoor activities. People are advised to wear masks, keep windows closed, and limit unnecessary travel."
2024-04-12 17:00:00,5,2563.48,0.0,67.17,61.51,38.15,184.91,274.49,36.48,24.5565,43.005466,11.1565,0.0,1015.48395,9.257321,63.435013,0,Karachi,52.37879694835681,65.54644450299342,183.47168595434366,True,Industrial Emissions,"Air pollution has increased in Karachi, with PM2.5 reaching 184.91. The probable cause of this pollution spike is Industrial Emissions. Children, elderly people, and respiratory patients should avoid outdoor activities. People are advised to wear masks, keep windows closed, and limit unnecessary travel."
2024-04-12 18:00:00,5,2696.99,0.0,65.12,57.94,36.72,197.02,290.33,38.5,23.8065,46.039,11.5065,0.0,1015.18225,8.936778,55.66973,0,Karachi,52.37879694835681,65.54644450299342,183.47168595434366,True,Industrial Emissions,"Air pollution has increased in Karachi, with PM2.5 reaching 197.02. The probable cause of this pollution spike is Industrial Emissions. Children, elderly people, and respiratory patients should avoid outdoor activities. People are advised to wear masks, keep windows closed, and limit unnecessary travel."
2024-04-12 19:00:00,5,2830.51,0.0,69.23,49.35,33.86,204.06,298.3,38.5,22.956501,49.269077,11.7565,0.0,1014.78,8.274128,44.118694,0,Karachi,52.37879694835681,65.54644450299342,183.47168595434366,True,Industrial Emissions,"Air pollution has increased in Karachi, with PM2.5 reaching 204.06. The probable cause of this pollution spike is Industrial Emissions. Children, elderly people, and respiratory patients should avoid outdoor activities. People are advised to wear masks, keep windows closed, and limit unnecessary travel."
2024-04-12 20:00:00,5,2670.29,0.0,65.8,45.06,27.89,190.3,279.41,32.42,21.956501,53.05095,11.9565,0.0,1014.37787,8.953078,30.173443,0,Karachi,52.37879694835681,65.54644450299342,183.47168595434366,True,Mixed Sources,"Air pollution has increased in Karachi, with PM2.5 reaching 190.3. The probable cause of this pollution spike is Mixed Sources. Children, elderly people, and respiratory patients should avoid outdoor activities. People are advised to wear masks, keep windows closed, and limit unnecessary travel."
2024-05-11 04:00:00,5,6141.66,132.32,81.57,1.61,30.99,230.66,277.38,43.06,24.706501,95.03243,23.8565,0.0,1014.48535,4.7110505,353.41815,224,Karachi,52.37879694835681,65.54644450299342,183.47168595434366,True,Mixed Sources,"Air pollution has increased in Karachi, with PM2.5 reaching 230.66. The probable cause of this pollution spike is Mixed Sources. Children, elderly people, and respiratory patients should avoid outdoor activities. People are advised to wear masks, keep windows closed, and limit unnecessary travel."
2024-05-11 05:00:00,5,7263.18,162.72,97.33,5.19,35.29,265.79,327.71,48.64,28.1065,74.99669,23.2565,0.0,1014.69415,4.863332,308.991,465,Karachi,52.37879694835681,65.54644450299342,183.47168595434366,True,Industrial Emissions,"Air pollution has increased in Karachi, with PM2.5 reaching 265.79. The probable cause of this pollution spike is Industrial Emissions. Children, elderly people, and respiratory patients should avoid outdoor activities. People are advised to wear masks, keep windows closed, and limit unnecessary travel."
2024-05-11 06:00:00,5,5874.63,96.56,123.38,22.17,31.47,232.93,298.82,45.6,30.5565,55.898155,20.7565,0.0,1014.3011,7.6409945,254.98158,629,Karachi,52.37879694835681,65.54644450299342,183.47168595434366,True,Mixed Sources,"Air pollution has increased in Karachi, with PM2.5 reaching 232.93. The probable cause of this pollution spike is Mixed Sources. Children, elderly people, and respiratory patients should avoid outdoor activities. People are advised to wear masks, keep windows closed, and limit unnecessary travel."
2024-05-12 02:00:00,5,2269.74,0.0,51.41,48.64,25.75,184.95,258.69,28.63,19.456501,58.888752,11.2065,0.0,1015.0703,7.193247,31.701384,0,Karachi,52.37879694835681,65.54644450299342,183.47168595434366,True,Mixed Sources,"Air pollution has increased in Karachi, with PM2.5 reaching 184.95. The probable cause of this pollution spike is Mixed Sources. Children, elderly people, and respiratory patients should avoid outdoor activities. People are advised to wear masks, keep windows closed, and limit unnecessary travel."
2024-05-12 03:00:00,5,3685.0,4.41,101.45,16.99,34.33,249.24,333.69,46.1,19.8565,56.876102,11.0565,0.0,1015.57086,5.8603754,47.489597,46,Karachi,52.37879694835681,65.54644450299342,183.47168595434366,True,Industrial Emissions,"Air pollution has increased in Karachi, with PM2.5 reaching 249.24. The probable cause of this pollution spike is Industrial Emissions. Children, elderly people, and respiratory patients should avoid outdoor activities. People are advised to wear masks, keep windows closed, and limit unnecessary travel."
2024-05-12 04:00:00,5,5661.01,46.04,128.87,8.58,45.3,327.56,431.56,65.86,22.0065,50.165913,11.1565,0.0,1016.3762,3.9966483,54.16227,212,Karachi,52.37879694835681,65.54644450299342,183.47168595434366,True,Crop Burning,"Air pollution has increased in Karachi, with PM2.5 reaching 327.56. The probable cause of this pollution spike is Crop Burning. Children, elderly people, and respiratory patients should avoid outdoor activities. People are advised to wear masks, keep windows closed, and limit unnecessary travel."
2024-05-12 05:00:00,5,7370.0,84.94,153.54,15.56,54.84,393.53,517.56,80.05,24.8565,38.477627,9.7565,0.0,1016.7839,2.3469126,94.39862,394,Karachi,52.37879694835681,65.54644450299342,183.47168595434366,True,Crop Burning,"Air pollution has increased in Karachi, with PM2.5 reaching 393.53. The probable cause of this pollution spike is Crop Burning. Children, elderly people, and respiratory patients should avoid outdoor activities. People are advised to wear masks, keep windows closed, and limit unnecessary travel."
2024-05-12 06:00:00,5,8438.11,80.47,208.38,33.62,65.8,467.92,608.25,88.16,26.8065,31.61753,8.5565,0.0,1016.28937,2.1068459,160.0168,543,Karachi,52.37879694835681,65.54644450299342,183.47168595434366,True,Crop Burning,"Air pollution has increased in Karachi, with PM2.5 reaching 467.92. The probable cause of this pollution spike is Crop Burning. Children, elderly people, and respiratory patients should avoid outdoor activities. People are advised to wear masks, keep windows closed, and limit unnecessary travel."
2024-05-12 07:00:00,5,2750.4,11.96,87.05,114.44,68.66,197.93,276.37,24.57,27.7565,32.097584,9.606501,0.0,1014.9933,4.1085763,208.8107,636,Karachi,52.37879694835681,65.54644450299342,183.47168595434366,True,Industrial Emissions,"Air pollution has increased in Karachi, with PM2.5 reaching 197.93. The probable cause of this pollution spike is Industrial Emissions. Children, elderly people, and respiratory patients should avoid outdoor activities. People are advised to wear masks, keep windows closed, and limit unnecessary travel."
2024-05-12 19:00:00,5,4272.46,33.08,100.08,0.0,24.32,209.2,279.62,46.61,23.0565,67.03912,16.6065,0.0,1013.88116,5.6492476,337.5205,0,Karachi,52.37879694835681,65.54644450299342,183.47168595434366,True,Mixed Sources,"Air pollution has increased in Karachi, with PM2.5 reaching 209.2. The probable cause of this pollution spike is Mixed Sources. Children, elderly people, and respiratory patients should avoid outdoor activities. People are advised to wear masks, keep windows closed, and limit unnecessary travel."
2024-05-12 20:00:00,5,4432.68,37.1,104.19,0.0,21.46,209.2,275.43,35.46,22.3565,67.53961,16.0565,0.0,1013.47955,3.8856654,13.392516,0,Karachi,52.37879694835681,65.54644450299342,183.47168595434366,True,Mixed Sources,"Air pollution has increased in Karachi, with PM2.5 reaching 209.2. The probable cause of this pollution spike is Mixed Sources. Children, elderly people, and respiratory patients should avoid outdoor activities. People are advised to wear masks, keep windows closed, and limit unnecessary travel."
2024-05-12 21:00:00,5,4859.92,38.89,113.79,0.0,22.17,231.9,298.78,30.91,22.1565,67.28378,15.8065,0.0,1013.1792,1.5273507,44.999897,0,Karachi,52.37879694835681,65.54644450299342,183.47168595434366,True,Mixed Sources,"Air pollution has increased in Karachi, with PM2.5 reaching 231.9. The probable cause of this pollution spike is Mixed Sources. Children, elderly people, and respiratory patients should avoid outdoor activities. People are advised to wear masks, keep windows closed, and limit unnecessary travel."
2024-05-12 22:00:00,5,5180.36,35.76,122.01,0.0,23.13,262.21,330.45,27.61,22.206501,64.54906,15.2065,0.0,1012.6798,2.5264204,355.91446,0,Karachi,52.37879694835681,65.54644450299342,183.47168595434366,True,Mixed Sources,"Air pollution has increased in Karachi, with PM2.5 reaching 262.21. The probable cause of this pollution spike is Mixed Sources. Children, elderly people, and respiratory patients should avoid outdoor activities. People are advised to wear masks, keep windows closed, and limit unnecessary travel."
2024-05-12 23:00:00,5,5340.58,29.95,127.49,0.0,23.37,290.52,358.89,23.56,21.2565,67.75063,15.0565,0.0,1012.5774,7.731623,335.22488,0,Karachi,52.37879694835681,65.54644450299342,183.47168595434366,True,Mixed Sources,"Air pollution has increased in Karachi, with PM2.5 reaching 290.52. The probable cause of this pollution spike is Mixed Sources. Children, elderly people, and respiratory patients should avoid outdoor activities. People are advised to wear masks, keep windows closed, and limit unnecessary travel."
2024-06-12 00:00:00,5,5073.55,23.02,123.38,0.0,23.84,296.02,360.72,20.01,19.9065,74.10426,15.1565,0.0,1012.57367,7.9465466,346.90808,0,Karachi,52.37879694835681,65.54644450299342,183.47168595434366,True,Mixed Sources,"Air pollution has increased in Karachi, with PM2.5 reaching 296.02. The probable cause of this pollution spike is Mixed Sources. Children, elderly people, and respiratory patients should avoid outdoor activities. People are advised to wear masks, keep windows closed, and limit unnecessary travel."
2024-06-12 01:00:00,5,4005.43,15.42,98.71,0.05,22.89,249.43,307.21,16.21,19.2565,77.903885,15.3065,0.0,1013.1712,7.247096,14.381432,0,Karachi,52.37879694835681,65.54644450299342,183.47168595434366,True,Mixed Sources,"Air pollution has increased in Karachi, with PM2.5 reaching 249.43. The probable cause of this pollution spike is Mixed Sources. Children, elderly people, and respiratory patients should avoid outdoor activities. People are advised to wear masks, keep windows closed, and limit unnecessary travel."
2024-06-12 02:00:00,5,3311.16,14.19,82.94,0.1,23.37,210.37,264.81,17.99,18.456501,81.109886,15.1565,0.0,1013.6685,7.970972,6.482988,0,Karachi,52.37879694835681,65.54644450299342,183.47168595434366,True,Mixed Sources,"Air pollution has increased in Karachi, with PM2.5 reaching 210.37. The probable cause of this pollution spike is Mixed Sources. Children, elderly people, and respiratory patients should avoid outdoor activities. People are advised to wear masks, keep windows closed, and limit unnecessary travel."
2024-06-12 03:00:00,5,4112.24,34.42,93.22,0.12,29.56,240.6,303.84,29.39,18.6065,78.30972,14.7565,0.0,1014.4682,7.6367526,8.130019,45,Karachi,52.37879694835681,65.54644450299342,183.47168595434366,True,Mixed Sources,"Air pollution has increased in Karachi, with PM2.5 reaching 240.6. The probable cause of this pollution spike is Mixed Sources. Children, elderly people, and respiratory patients should avoid outdoor activities. People are advised to wear masks, keep windows closed, and limit unnecessary travel."
2024-06-12 04:00:00,5,5981.45,83.15,113.79,2.91,39.58,307.77,390.08,46.61,20.5565,67.39056,14.3065,0.0,1014.9732,5.8104043,16.189287,210,Karachi,52.37879694835681,65.54644450299342,183.47168595434366,True,Industrial Emissions,"Air pollution has increased in Karachi, with PM2.5 reaching 307.77. The probable cause of this pollution spike is Industrial Emissions. Children, elderly people, and respiratory patients should avoid outdoor activities. People are advised to wear masks, keep windows closed, and limit unnecessary travel."
2024-06-12 05:00:00,5,7690.43,121.59,141.2,10.46,48.16,372.38,477.52,66.88,23.6065,55.778625,14.2565,0.0,1015.28156,4.471107,40.10085,398,Karachi,52.37879694835681,65.54644450299342,183.47168595434366,True,Crop Burning,"Air pollution has increased in Karachi, with PM2.5 reaching 372.38. The probable cause of this pollution spike is Crop Burning. Children, elderly people, and respiratory patients should avoid outdoor activities. People are advised to wear masks, keep windows closed, and limit unnecessary travel."
2024-06-12 06:00:00,5,8438.11,102.82,197.41,28.61,55.79,428.94,555.51,79.04,25.8065,49.384293,14.4065,0.0,1014.788,3.604497,87.13766,548,Karachi,52.37879694835681,65.54644450299342,183.47168595434366,True,Crop Burning,"Air pollution has increased in Karachi, with PM2.5 reaching 428.94. The probable cause of this pollution spike is Crop Burning. Children, elderly people, and respiratory patients should avoid outdoor activities. People are advised to wear masks, keep windows closed, and limit unnecessary travel."
2024-06-12 07:00:00,5,4112.24,22.8,131.61,97.27,73.43,263.72,352.5,32.93,27.1565,44.58392,14.0565,0.0,1013.69244,3.381893,154.7989,640,Karachi,52.37879694835681,65.54644450299342,183.47168595434366,True,Industrial Emissions,"Air pollution has increased in Karachi, with PM2.5 reaching 263.72. The probable cause of this pollution spike is Industrial Emissions. Children, elderly people, and respiratory patients should avoid outdoor activities. People are advised to wear masks, keep windows closed, and limit unnecessary travel."
2024-06-12 08:00:00,5,3471.37,11.06,115.16,158.79,79.15,278.98,360.95,22.55,27.9065,42.256687,13.9065,0.0,1012.59546,4.913044,188.42688,667,Karachi,52.37879694835681,65.54644450299342,183.47168595434366,True,Industrial Emissions,"Air pollution has increased in Karachi, with PM2.5 reaching 278.98. The probable cause of this pollution spike is Industrial Emissions. Children, elderly people, and respiratory patients should avoid outdoor activities. People are advised to wear masks, keep windows closed, and limit unnecessary travel."
2024-06-12 09:00:00,5,3417.97,6.82,111.04,217.44,75.34,329.85,412.31,19.76,28.1065,44.126858,14.7565,0.0,1011.3968,7.3997297,198.43504,623,Karachi,52.37879694835681,65.54644450299342,183.47168595434366,True,Industrial Emissions,"Air pollution has increased in Karachi, with PM2.5 reaching 329.85. The probable cause of this pollution spike is Industrial Emissions. Children, elderly people, and respiratory patients should avoid outdoor activities. People are advised to wear masks, keep windows closed, and limit unnecessary travel."
2024-06-12 10:00:00,5,2937.32,3.52,90.48,266.08,58.17,331.1,407.38,15.2,28.1065,45.13226,15.106501,0.0,1010.6973,8.242743,211.60745,515,Karachi,52.37879694835681,65.54644450299342,183.47168595434366,True,Industrial Emissions,"Air pollution has increased in Karachi, with PM2.5 reaching 331.1. The probable cause of this pollution spike is Industrial Emissions. Children, elderly people, and respiratory patients should avoid outdoor activities. People are advised to wear masks, keep windows closed, and limit unnecessary travel."
2024-06-12 11:00:00,5,2082.82,1.58,63.75,254.63,39.1,245.67,313.61,11.53,27.706501,45.023533,14.7065,0.0,1010.3966,8.39078,234.60512,355,Karachi,52.37879694835681,65.54644450299342,183.47168595434366,True,Industrial Emissions,"Air pollution has increased in Karachi, with PM2.5 reaching 245.67. The probable cause of this pollution spike is Industrial Emissions. Children, elderly people, and respiratory patients should avoid outdoor activities. People are advised to wear masks, keep windows closed, and limit unnecessary travel."
2024-06-12 18:00:00,5,4486.08,31.29,108.3,0.01,34.81,226.34,294.63,58.77,21.7565,48.783558,10.5065,0.0,1012.8785,8.29173,332.87878,0,Karachi,52.37879694835681,65.54644450299342,183.47168595434366,True,Industrial Emissions,"Air pollution has increased in Karachi, with PM2.5 reaching 226.34. The probable cause of this pollution spike is Industrial Emissions. Children, elderly people, and respiratory patients should avoid outdoor activities. People are advised to wear masks, keep windows closed, and limit unnecessary travel."
2024-06-12 19:00:00,5,4699.71,39.34,105.56,0.0,32.9,236.49,304.27,57.76,21.5065,50.19909,10.7065,0.0,1012.3782,6.889557,340.14468,0,Karachi,52.37879694835681,65.54644450299342,183.47168595434366,True,Industrial Emissions,"Air pollution has increased in Karachi, with PM2.5 reaching 236.49. The probable cause of this pollution spike is Industrial Emissions. Children, elderly people, and respiratory patients should avoid outdoor activities. People are advised to wear masks, keep windows closed, and limit unnecessary travel."
2024-06-12 20:00:00,5,4539.49,41.57,102.82,0.0,30.04,222.63,284.78,49.14,21.0565,52.817352,11.0565,0.0,1011.6775,5.12289,18.435053,0,Karachi,52.37879694835681,65.54644450299342,183.47168595434366,True,Mixed Sources,"Air pollution has increased in Karachi, with PM2.5 reaching 222.63. The probable cause of this pollution spike is Mixed Sources. Children, elderly people, and respiratory patients should avoid outdoor activities. People are advised to wear masks, keep windows closed, and limit unnecessary travel."
2024-06-12 21:00:00,5,4272.46,36.21,101.45,0.0,27.89,211.15,273.72,43.06,20.956501,53.14285,11.0565,0.0,1011.3774,3.219938,26.564985,0,Karachi,52.37879694835681,65.54644450299342,183.47168595434366,True,Mixed Sources,"Air pollution has increased in Karachi, with PM2.5 reaching 211.15. The probable cause of this pollution spike is Mixed Sources. Children, elderly people, and respiratory patients should avoid outdoor activities. People are advised to wear masks, keep windows closed, and limit unnecessary travel."
2024-07-12 15:00:00,5,6301.88,79.57,165.88,0.0,51.5,218.17,282.72,64.34,24.0065,22.052736,1.0065,0.0,1011.98517,5.7628117,1.7898695,0,Karachi,52.37879694835681,65.54644450299342,183.47168595434366,True,Crop Burning,"Air pollution has increased in Karachi, with PM2.5 reaching 218.17. The probable cause of this pollution spike is Crop Burning. Children, elderly people, and respiratory patients should avoid outdoor activities. People are advised to wear masks, keep windows closed, and limit unnecessary travel."
2024-07-12 16:00:00,5,7690.43,112.65,159.03,0.0,60.56,310.41,391.5,83.09,22.7565,24.9157,1.6565,0.0,1012.38165,5.297018,350.21765,0,Karachi,52.37879694835681,65.54644450299342,183.47168595434366,True,Crop Burning,"Air pollution has increased in Karachi, with PM2.5 reaching 310.41. The probable cause of this pollution spike is Crop Burning. Children, elderly people, and respiratory patients should avoid outdoor activities. People are advised to wear masks, keep windows closed, and limit unnecessary travel."
2024-07-12 17:00:00,5,7690.43,114.44,137.09,0.0,60.08,342.58,424.14,85.12,21.8565,26.601763,1.8065,0.0,1012.77875,7.256032,352.87506,0,Karachi,52.37879694835681,65.54644450299342,183.47168595434366,True,Crop Burning,"Air pollution has increased in Karachi, with PM2.5 reaching 342.58. The probable cause of this pollution spike is Crop Burning. Children, elderly people, and respiratory patients should avoid outdoor activities. People are advised to wear masks, keep windows closed, and limit unnecessary travel."
2024-07-12 18:00:00,5,5821.23,78.68,105.56,0.0,45.3,270.58,332.36,66.88,21.0565,28.238138,1.9565,0.0,1012.8765,6.122647,1.6846573,0,Karachi,52.37879694835681,65.54644450299342,183.47168595434366,True,Crop Burning,"Air pollution has increased in Karachi, with PM2.5 reaching 270.58. The probable cause of this pollution spike is Crop Burning. Children, elderly people, and respiratory patients should avoid outdoor activities. People are advised to wear masks, keep windows closed, and limit unnecessary travel."
2024-09-12 04:00:00,5,4859.92,56.77,101.45,10.19,43.87,225.44,312.56,66.88,16.956501,26.00219,-2.6935,0.0,1017.6609,8.338489,13.736293,217,Karachi,52.37879694835681,65.54644450299342,183.47168595434366,True,Industrial Emissions,"Air pollution has increased in Karachi, with PM2.5 reaching 225.44. The probable cause of this pollution spike is Industrial Emissions. Children, elderly people, and respiratory patients should avoid outdoor activities. People are advised to wear masks, keep windows closed, and limit unnecessary travel."
2024-09-12 05:00:00,5,6034.85,87.62,117.9,17.52,52.93,273.36,374.44,77.01,19.956501,20.60721,-3.2935,0.0,1018.06915,6.2613096,18.435053,410,Karachi,52.37879694835681,65.54644450299342,183.47168595434366,True,Crop Burning,"Air pollution has increased in Karachi, with PM2.5 reaching 273.36. The probable cause of this pollution spike is Crop Burning. Children, elderly people, and respiratory patients should avoid outdoor activities. People are advised to wear masks, keep windows closed, and limit unnecessary travel."
2024-09-12 06:00:00,5,6462.1,76.0,149.43,35.05,61.99,309.8,422.98,81.06,22.956501,14.700036,-5.3435,0.0,1017.47784,4.4565907,43.36347,566,Karachi,52.37879694835681,65.54644450299342,183.47168595434366,True,Crop Burning,"Air pollution has increased in Karachi, with PM2.5 reaching 309.8. The probable cause of this pollution spike is Crop Burning. Children, elderly people, and respiratory patients should avoid outdoor activities. People are advised to wear masks, keep windows closed, and limit unnecessary travel."
2024-09-12 11:00:00,5,3257.75,12.85,128.87,95.84,64.85,188.54,294.29,33.44,25.5065,22.444914,2.5065,0.0,1013.9877,7.7043357,217.40543,373,Karachi,52.37879694835681,65.54644450299342,183.47168595434366,True,Industrial Emissions,"Air pollution has increased in Karachi, with PM2.5 reaching 188.54. The probable cause of this pollution spike is Industrial Emissions. Children, elderly people, and respiratory patients should avoid outdoor activities. People are advised to wear masks, keep windows closed, and limit unnecessary travel."
2024-09-12 12:00:00,5,3791.81,10.51,167.25,52.93,64.85,207.46,319.28,38.5,24.456501,26.472006,3.9565,0.0,1014.4844,7.2403865,235.1246,178,Karachi,52.37879694835681,65.54644450299342,183.47168595434366,True,Industrial Emissions,"Air pollution has increased in Karachi, with PM2.5 reaching 207.46. The probable cause of this pollution spike is Industrial Emissions. Children, elderly people, and respiratory patients should avoid outdoor activities. People are advised to wear masks, keep windows closed, and limit unnecessary travel."
2024-09-12 13:00:00,5,4699.71,23.02,202.89,3.71,68.66,216.75,326.71,45.09,23.3065,27.19406,3.3565,0.0,1015.1807,8.967541,280.40765,24,Karachi,52.37879694835681,65.54644450299342,183.47168595434366,True,Industrial Emissions,"Air pollution has increased in Karachi, with PM2.5 reaching 216.75. The probable cause of this pollution spike is Industrial Emissions. Children, elderly people, and respiratory patients should avoid outdoor activities. People are advised to wear masks, keep windows closed, and limit unnecessary travel."
2024-09-12 14:00:00,5,6141.66,67.95,208.38,0.0,76.29,251.21,357.92,57.76,22.6565,26.823124,2.6065,0.0,1015.8786,6.6818557,332.74475,0,Karachi,52.37879694835681,65.54644450299342,183.47168595434366,True,Crop Burning,"Air pollution has increased in Karachi, with PM2.5 reaching 251.21. The probable cause of this pollution spike is Crop Burning. Children, elderly people, and respiratory patients should avoid outdoor activities. People are advised to wear masks, keep windows closed, and limit unnecessary travel."
2024-09-12 15:00:00,5,7797.24,101.03,222.09,0.0,85.83,315.46,424.01,81.06,22.1565,28.345587,2.9565,0.0,1016.5765,5.9834766,6.9111314,0,Karachi,52.37879694835681,65.54644450299342,183.47168595434366,True,Crop Burning,"Air pollution has increased in Karachi, with PM2.5 reaching 315.46. The probable cause of this pollution spike is Crop Burning. Children, elderly people, and respiratory patients should avoid outdoor activities. People are advised to wear masks, keep windows closed, and limit unnecessary travel."
2024-09-12 16:00:00,5,8438.11,108.18,208.38,0.0,84.88,353.92,468.27,102.34,21.6065,30.36714,3.4565,0.0,1016.8749,7.3469996,30.963696,0,Karachi,52.37879694835681,65.54644450299342,183.47168595434366,True,Crop Burning,"Air pollution has increased in Karachi, with PM2.5 reaching 353.92. The probable cause of this pollution spike is Crop Burning. Children, elderly people, and respiratory patients should avoid outdoor activities. People are advised to wear masks, keep windows closed, and limit unnecessary travel."
2024-09-12 17:00:00,5,7263.18,85.83,161.77,0.0,71.53,327.01,443.21,100.31,20.8565,29.413841,2.3565,0.0,1017.1724,8.320986,38.853382,0,Karachi,52.37879694835681,65.54644450299342,183.47168595434366,True,Crop Burning,"Air pollution has increased in Karachi, with PM2.5 reaching 327.01. The probable cause of this pollution spike is Crop Burning. Children, elderly people, and respiratory patients should avoid outdoor activities. People are advised to wear masks, keep windows closed, and limit unnecessary travel."
2024-09-12 18:00:00,5,5233.76,46.94,120.64,0.0,56.27,256.2,361.23,80.05,20.1065,24.730644,-0.6935,0.0,1017.07025,7.8149853,38.453735,0,Karachi,52.37879694835681,65.54644450299342,183.47168595434366,True,Industrial Emissions,"Air pollution has increased in Karachi, with PM2.5 reaching 256.2. The probable cause of this pollution spike is Industrial Emissions. Children, elderly people, and respiratory patients should avoid outdoor activities. People are advised to wear masks, keep windows closed, and limit unnecessary travel."
2024-10-12 15:00:00,5,6942.75,67.95,211.12,0.0,96.32,266.82,357.41,74.98,22.0065,30.480528,3.8565,0.0,1016.0765,7.42159,284.03625,0,Karachi,52.37879694835681,65.54644450299342,183.47168595434366,True,Crop Burning,"Air pollution has increased in Karachi, with PM2.5 reaching 266.82. The probable cause of this pollution spike is Crop Burning. Children, elderly people, and respiratory patients should avoid outdoor activities. People are advised to wear masks, keep windows closed, and limit unnecessary travel."
2024-10-12 16:00:00,5,8651.73,96.56,224.83,0.0,98.23,383.52,502.75,103.35,21.1565,37.29515,6.0065,0.0,1016.5739,6.1437774,301.8274,0,Karachi,52.37879694835681,65.54644450299342,183.47168595434366,True,Crop Burning,"Air pollution has increased in Karachi, with PM2.5 reaching 383.52. The probable cause of this pollution spike is Crop Burning. Children, elderly people, and respiratory patients should avoid outdoor activities. People are advised to wear masks, keep windows closed, and limit unnecessary travel."
2024-10-12 17:00:00,5,9292.6,101.03,213.86,0.0,94.41,452.68,593.8,117.54,20.2565,35.27129,4.4065,0.0,1016.8711,4.86,360.0,0,Karachi,52.37879694835681,65.54644450299342,183.47168595434366,True,Crop Burning,"Air pollution has increased in Karachi, with PM2.5 reaching 452.68. The probable cause of this pollution spike is Crop Burning. Children, elderly people, and respiratory patients should avoid outdoor activities. People are advised to wear masks, keep windows closed, and limit unnecessary travel."
2024-10-12 18:00:00,5,8544.92,88.51,186.44,0.0,84.88,447.13,591.96,112.47,19.6065,30.22841,1.6565,0.0,1016.6693,5.6233797,39.805527,0,Karachi,52.37879694835681,65.54644450299342,183.47168595434366,True,Crop Burning,"Air pollution has increased in Karachi, with PM2.5 reaching 447.13. The probable cause of this pollution spike is Crop Burning. Children, elderly people, and respiratory patients should avoid outdoor activities. People are advised to wear masks, keep windows closed, and limit unnecessary travel."
2024-10-12 19:00:00,5,6675.72,59.9,154.91,0.0,69.62,360.52,490.46,85.12,18.706501,29.863369,0.7065,0.0,1016.2671,6.502461,48.366554,0,Karachi,52.37879694835681,65.54644450299342,183.47168595434366,True,Crop Burning,"Air pollution has increased in Karachi, with PM2.5 reaching 360.52. The probable cause of this pollution spike is Crop Burning. Children, elderly people, and respiratory patients should avoid outdoor activities. People are advised to wear masks, keep windows closed, and limit unnecessary travel."
2024-10-12 20:00:00,5,4699.71,28.39,127.49,0.01,53.88,252.11,361.56,53.2,17.6565,32.712124,1.0565,0.0,1015.96405,7.1684303,51.115498,0,Karachi,52.37879694835681,65.54644450299342,183.47168595434366,True,Industrial Emissions,"Air pollution has increased in Karachi, with PM2.5 reaching 252.11. The probable cause of this pollution spike is Industrial Emissions. Children, elderly people, and respiratory patients should avoid outdoor activities. People are advised to wear masks, keep windows closed, and limit unnecessary travel."
2024-11-12 03:00:00,5,3337.86,3.8,95.96,20.03,43.87,199.53,274.06,45.09,14.9065,40.83452,1.7065,0.0,1017.55493,7.1684303,51.115498,39,Karachi,52.37879694835681,65.54644450299342,183.47168595434366,True,Industrial Emissions,"Air pollution has increased in Karachi, with PM2.5 reaching 199.53. The probable cause of this pollution spike is Industrial Emissions. Children, elderly people, and respiratory patients should avoid outdoor activities. People are advised to wear masks, keep windows closed, and limit unnecessary travel."
2024-11-12 04:00:00,5,5073.55,44.26,119.27,13.41,52.93,267.35,360.98,63.33,16.7565,36.540527,1.8065,0.0,1018.35956,7.0107627,48.122223,203,Karachi,52.37879694835681,65.54644450299342,183.47168595434366,True,Industrial Emissions,"Air pollution has increased in Karachi, with PM2.5 reaching 267.35. The probable cause of this pollution spike is Industrial Emissions. Children, elderly people, and respiratory patients should avoid outdoor activities. People are advised to wear masks, keep windows closed, and limit unnecessary travel."
2024-11-12 05:00:00,5,6034.85,75.1,132.98,20.92,60.08,299.43,412.15,70.93,19.706501,29.402702,1.3565,0.0,1018.7678,5.402999,60.018444,389,Karachi,52.37879694835681,65.54644450299342,183.47168595434366,True,Crop Burning,"Air pollution has increased in Karachi, with PM2.5 reaching 299.43. The probable cause of this pollution spike is Crop Burning. Children, elderly people, and respiratory patients should avoid outdoor activities. People are advised to wear masks, keep windows closed, and limit unnecessary travel."
2024-11-12 06:00:00,5,6088.26,67.06,150.8,37.19,67.71,309.08,431.57,69.92,22.3065,22.902243,0.1065,0.0,1018.1757,6.1120534,76.37299,542,Karachi,52.37879694835681,65.54644450299342,183.47168595434366,True,Crop Burning,"Air pollution has increased in Karachi, with PM2.5 reaching 309.08. The probable cause of this pollution spike is Crop Burning. Children, elderly people, and respiratory patients should avoid outdoor activities. People are advised to wear masks, keep windows closed, and limit unnecessary travel."
2024-11-12 15:00:00,5,4753.11,24.81,168.62,0.3,50.54,198.09,268.99,53.2,21.5565,34.191273,5.1064997,0.0,1015.6755,7.7983837,341.14676,0,Karachi,52.37879694835681,65.54644450299342,183.47168595434366,True,Industrial Emissions,"Air pollution has increased in Karachi, with PM2.5 reaching 198.09. The probable cause of this pollution spike is Industrial Emissions. Children, elderly people, and respiratory patients should avoid outdoor activities. People are advised to wear masks, keep windows closed, and limit unnecessary travel."
2024-11-12 16:00:00,5,6248.47,60.8,161.77,0.0,58.65,283.22,368.98,72.96,21.0065,32.177437,3.7565,0.0,1015.97363,6.4323244,17.92802,0,Karachi,52.37879694835681,65.54644450299342,183.47168595434366,True,Crop Burning,"Air pollution has increased in Karachi, with PM2.5 reaching 283.22. The probable cause of this pollution spike is Crop Burning. Children, elderly people, and respiratory patients should avoid outdoor activities. People are advised to wear masks, keep windows closed, and limit unnecessary travel."
2024-11-12 17:00:00,5,6622.31,69.74,150.8,0.0,57.7,324.25,424.87,80.05,20.456501,30.906527,2.7065,0.0,1016.17194,6.873078,44.999897,0,Karachi,52.37879694835681,65.54644450299342,183.47168595434366,True,Crop Burning,"Air pollution has increased in Karachi, with PM2.5 reaching 324.25. The probable cause of this pollution spike is Crop Burning. Children, elderly people, and respiratory patients should avoid outdoor activities. People are advised to wear masks, keep windows closed, and limit unnecessary travel."
2024-11-12 18:00:00,5,5500.79,49.62,124.75,0.0,47.21,285.49,387.03,69.92,19.206501,33.634262,2.8065,0.0,1016.2683,7.562142,38.23387,0,Karachi,52.37879694835681,65.54644450299342,183.47168595434366,True,Crop Burning,"Air pollution has increased in Karachi, with PM2.5 reaching 285.49. The probable cause of this pollution spike is Crop Burning. Children, elderly people, and respiratory patients should avoid outdoor activities. People are advised to wear masks, keep windows closed, and limit unnecessary travel."
2024-11-12 19:00:00,5,3952.03,22.35,101.45,0.09,35.76,212.14,301.58,52.69,18.2565,36.45825,3.1065,0.0,1016.26575,7.8149853,38.453735,0,Karachi,52.37879694835681,65.54644450299342,183.47168595434366,True,Industrial Emissions,"Air pollution has increased in Karachi, with PM2.5 reaching 212.14. The probable cause of this pollution spike is Industrial Emissions. Children, elderly people, and respiratory patients should avoid outdoor activities. People are advised to wear masks, keep windows closed, and limit unnecessary travel."
2024-12-10 02:00:00,5,3471.37,3.16,91.85,3.76,29.09,218.31,286.84,32.93,26.1565,78.66198,22.1565,0.0,1008.1943,2.2553935,28.610369,10,Karachi,52.37879694835681,65.54644450299342,183.47168595434366,True,Mixed Sources,"Air pollution has increased in Karachi, with PM2.5 reaching 218.31. The probable cause of this pollution spike is Mixed Sources. Children, elderly people, and respiratory patients should avoid outdoor activities. People are advised to wear masks, keep windows closed, and limit unnecessary travel."
2024-12-10 03:00:00,5,4859.92,27.49,108.3,5.99,30.52,268.89,350.46,38.5,28.0065,66.994675,21.3065,0.0,1008.599,3.4949677,11.888645,141,Karachi,52.37879694835681,65.54644450299342,183.47168595434366,True,Mixed Sources,"Air pollution has increased in Karachi, with PM2.5 reaching 268.89. The probable cause of this pollution spike is Mixed Sources. Children, elderly people, and respiratory patients should avoid outdoor activities. People are advised to wear masks, keep windows closed, and limit unnecessary travel."
2024-12-10 04:00:00,5,4646.3,31.74,100.08,24.68,25.99,248.33,340.15,29.89,31.0065,48.728348,18.956501,0.0,1009.10657,5.414979,21.44781,348,Karachi,52.37879694835681,65.54644450299342,183.47168595434366,True,Mixed Sources,"Air pollution has increased in Karachi, with PM2.5 reaching 248.33. The probable cause of this pollution spike is Mixed Sources. Children, elderly people, and respiratory patients should avoid outdoor activities. People are advised to wear masks, keep windows closed, and limit unnecessary travel."
2024-12-10 05:00:00,5,4058.84,23.02,95.96,58.65,22.41,210.43,309.43,27.11,33.9065,34.673115,16.1565,0.0,1009.2137,6.28713,23.629398,548,Karachi,52.37879694835681,65.54644450299342,183.47168595434366,True,Mixed Sources,"Air pollution has increased in Karachi, with PM2.5 reaching 210.43. The probable cause of this pollution spike is Mixed Sources. Children, elderly people, and respiratory patients should avoid outdoor activities. People are advised to wear masks, keep windows closed, and limit unnecessary travel."
2024-12-10 06:00:00,5,3257.75,10.06,78.83,135.9,20.03,184.63,285.45,24.83,35.6565,26.699343,13.606501,0.0,1008.7185,4.5891175,78.6901,706,Karachi,52.37879694835681,65.54644450299342,183.47168595434366,True,Dust Storm,"Air pollution has increased in Karachi, with PM2.5 reaching 184.63. The probable cause of this pollution spike is Dust Storm. Children, elderly people, and respiratory patients should avoid outdoor activities. People are advised to wear masks, keep windows closed, and limit unnecessary travel."
2024-12-10 07:00:00,5,2750.4,4.69,64.43,214.58,21.46,184.17,286.18,23.56,36.1065,26.301104,13.7565,0.0,1007.92035,8.951267,164.84589,800,Karachi,52.37879694835681,65.54644450299342,183.47168595434366,True,Dust Storm,"Air pollution has increased in Karachi, with PM2.5 reaching 184.17. The probable cause of this pollution spike is Dust Storm. Children, elderly people, and respiratory patients should avoid outdoor activities. People are advised to wear masks, keep windows closed, and limit unnecessary travel."
2024-12-10 08:00:00,5,2803.8,4.02,68.55,263.21,18.84,195.37,304.19,24.32,36.0065,32.37047,16.9065,0.0,1006.9209,16.87398,191.07016,821,Karachi,52.37879694835681,65.54644450299342,183.47168595434366,True,Dust Storm,"Air pollution has increased in Karachi, with PM2.5 reaching 195.37. The probable cause of this pollution spike is Dust Storm. Children, elderly people, and respiratory patients should avoid outdoor activities. People are advised to wear masks, keep windows closed, and limit unnecessary travel."
2024-12-11 04:00:00,5,5981.45,119.81,87.74,3.76,31.47,250.04,376.12,44.58,27.206501,79.287125,23.3065,0.0,1013.99243,2.5772076,24.775122,245,Karachi,52.37879694835681,65.54644450299342,183.47168595434366,True,Dust Storm,"Air pollution has increased in Karachi, with PM2.5 reaching 250.04. The probable cause of this pollution spike is Dust Storm. Children, elderly people, and respiratory patients should avoid outdoor activities. People are advised to wear masks, keep windows closed, and limit unnecessary travel."
2024-12-11 05:00:00,5,6408.69,134.11,104.19,8.85,31.47,251.04,385.62,46.1,29.0565,68.440285,22.6565,0.0,1014.297,6.048107,233.47105,429,Karachi,52.37879694835681,65.54644450299342,183.47168595434366,True,Dust Storm,"Air pollution has increased in Karachi, with PM2.5 reaching 251.04. The probable cause of this pollution spike is Dust Storm. Children, elderly people, and respiratory patients should avoid outdoor activities. People are advised to wear masks, keep windows closed, and limit unnecessary travel."
2024-01-11 16:00:00,5,9078.98,113.55,213.86,0.0,54.84,456.89,567.97,77.01,20.5915,68.27431,14.5415,0.0,986.8527,5.1575575,150.75127,0,Lahore,153.8875352112676,128.887729307673,411.6629938266136,True,Crop Burning,"Air pollution has increased in Lahore, with PM2.5 reaching 456.89. The probable cause of this pollution spike is Crop Burning. Children, elderly people, and respiratory patients should avoid outdoor activities. People are advised to wear masks, keep windows closed, and limit unnecessary travel."
2024-01-11 17:00:00,5,9292.6,100.14,222.09,0.0,65.8,540.65,660.24,104.37,20.0415,69.95221,14.3914995,0.0,987.09753,5.293959,125.311295,0,Lahore,153.8875352112676,128.887729307673,411.6629938266136,True,Crop Burning,"Air pollution has increased in Lahore, with PM2.5 reaching 540.65. The probable cause of this pollution spike is Crop Burning. Children, elderly people, and respiratory patients should avoid outdoor activities. People are advised to wear masks, keep windows closed, and limit unnecessary travel."
2024-01-11 18:00:00,5,8865.36,73.31,213.86,0.0,70.57,593.98,708.03,119.57,20.0415,68.82983,14.1414995,0.0,987.00006,3.2599385,83.659904,0,Lahore,153.8875352112676,128.887729307673,411.6629938266136,True,Crop Burning,"Air pollution has increased in Lahore, with PM2.5 reaching 593.98. The probable cause of this pollution spike is Crop Burning. Children, elderly people, and respiratory patients should avoid outdoor activities. People are advised to wear masks, keep windows closed, and limit unnecessary travel."
2024-01-11 19:00:00,5,7583.62,41.13,191.93,0.0,65.8,590.66,685.16,119.57,17.9415,77.45454,13.9415,0.0,986.6219,4.6277857,76.50425,0,Lahore,153.8875352112676,128.887729307673,411.6629938266136,True,Crop Burning,"Air pollution has increased in Lahore, with PM2.5 reaching 590.66. The probable cause of this pollution spike is Crop Burning. Children, elderly people, and respiratory patients should avoid outdoor activities. People are advised to wear masks, keep windows closed, and limit unnecessary travel."
2024-01-11 20:00:00,5,5874.63,11.06,146.69,0.97,55.31,558.37,635.12,116.53,17.4415,78.64667,13.6915,0.0,986.38293,5.7599998,90.0,0,Lahore,153.8875352112676,128.887729307673,411.6629938266136,True,Crop Burning,"Air pollution has increased in Lahore, with PM2.5 reaching 558.37. The probable cause of this pollution spike is Crop Burning. Children, elderly people, and respiratory patients should avoid outdoor activities. People are advised to wear masks, keep windows closed, and limit unnecessary travel."
2024-01-11 21:00:00,5,4379.27,0.26,84.31,15.91,44.35,518.96,584.41,117.54,17.1915,77.84555,13.2915,0.0,985.9712,6.050785,67.24899,0,Lahore,153.8875352112676,128.887729307673,411.6629938266136,True,Industrial Emissions,"Air pollution has increased in Lahore, with PM2.5 reaching 518.96. The probable cause of this pollution spike is Industrial Emissions. Children, elderly people, and respiratory patients should avoid outdoor activities. People are advised to wear masks, keep windows closed, and limit unnecessary travel."
2024-01-11 22:00:00,5,3578.19,0.0,48.67,27.18,25.27,463.15,519.81,58.26,17.0915,76.57004,12.9415,0.0,985.6702,6.3639607,61.26031,0,Lahore,153.8875352112676,128.887729307673,411.6629938266136,True,Mixed Sources,"Air pollution has increased in Lahore, with PM2.5 reaching 463.15. The probable cause of this pollution spike is Mixed Sources. Children, elderly people, and respiratory patients should avoid outdoor activities. People are advised to wear masks, keep windows closed, and limit unnecessary travel."
2024-01-11 23:00:00,5,3364.56,0.03,43.18,21.1,16.69,422.07,472.97,30.91,15.8914995,82.3725,12.8914995,0.0,985.36896,8.759178,80.53775,0,Lahore,153.8875352112676,128.887729307673,411.6629938266136,True,Mixed Sources,"Air pollution has increased in Lahore, with PM2.5 reaching 422.07. The probable cause of this pollution spike is Mixed Sources. Children, elderly people, and respiratory patients should avoid outdoor activities. People are advised to wear masks, keep windows closed, and limit unnecessary travel."
2024-01-12 05:00:00,5,6675.72,83.15,90.48,12.7,13.23,454.51,548.23,19.0,17.7915,76.18344,13.5415,0.0,990.60364,1.5379207,69.44387,348,Lahore,153.8875352112676,128.887729307673,411.6629938266136,True,Mixed Sources,"Air pollution has increased in Lahore, with PM2.5 reaching 454.51. The probable cause of this pollution spike is Mixed Sources. Children, elderly people, and respiratory patients should avoid outdoor activities. People are advised to wear masks, keep windows closed, and limit unnecessary travel."
2024-01-12 06:00:00,5,6301.88,42.47,120.64,47.92,13.95,480.16,571.67,24.57,19.6415,69.42344,13.8914995,0.0,990.08374,1.2727921,44.999897,453,Lahore,153.8875352112676,128.887729307673,411.6629938266136,True,Mixed Sources,"Air pollution has increased in Lahore, with PM2.5 reaching 480.16. The probable cause of this pollution spike is Mixed Sources. Children, elderly people, and respiratory patients should avoid outdoor activities. People are advised to wear masks, keep windows closed, and limit unnecessary travel."
2024-02-11 03:00:00,5,4859.92,46.04,58.26,2.91,14.54,432.52,491.62,25.33,19.0415,80.66829,15.6414995,0.0,988.0824,1.4058449,39.805527,132,Lahore,153.8875352112676,128.887729307673,411.6629938266136,True,Mixed Sources,"Air pollution has increased in Lahore, with PM2.5 reaching 432.52. The probable cause of this pollution spike is Mixed Sources. Children, elderly people, and respiratory patients should avoid outdoor activities. People are advised to wear masks, keep windows closed, and limit unnecessary travel."
2024-02-11 04:00:00,5,5714.42,61.69,73.34,11.18,15.97,468.28,531.39,30.65,22.3415,72.65588,17.1915,0.0,988.95215,0.9178235,168.69011,298,Lahore,153.8875352112676,128.887729307673,411.6629938266136,True,Mixed Sources,"Air pollution has increased in Lahore, with PM2.5 reaching 468.28. The probable cause of this pollution spike is Mixed Sources. Children, elderly people, and respiratory patients should avoid outdoor activities. People are advised to wear masks, keep windows closed, and limit unnecessary travel."
2024-02-11 05:00:00,5,6034.85,43.36,101.45,37.55,17.88,504.65,570.09,35.97,25.3915,61.057465,17.3415,0.0,989.11285,1.4512063,172.87508,449,Lahore,153.8875352112676,128.887729307673,411.6629938266136,True,Mixed Sources,"Air pollution has increased in Lahore, with PM2.5 reaching 504.65. The probable cause of this pollution spike is Mixed Sources. Children, elderly people, and respiratory patients should avoid outdoor activities. People are advised to wear masks, keep windows closed, and limit unnecessary travel."
2024-02-11 06:00:00,5,5981.45,18.33,112.41,115.87,20.03,553.83,618.63,36.48,27.5415,52.11046,16.8415,0.0,988.9018,2.0523157,195.25517,557,Lahore,153.8875352112676,128.887729307673,411.6629938266136,True,Mixed Sources,"Air pollution has increased in Lahore, with PM2.5 reaching 553.83. The probable cause of this pollution spike is Mixed Sources. Children, elderly people, and respiratory patients should avoid outdoor activities. People are advised to wear masks, keep windows closed, and limit unnecessary travel."
2024-02-11 14:00:00,5,5073.55,0.0,186.44,123.02,91.55,422.17,481.57,71.94,22.5415,65.8738,15.841499,0.0,987.4097,5.95906,115.01687,0,Lahore,153.8875352112676,128.887729307673,411.6629938266136,True,Industrial Emissions,"Air pollution has increased in Lahore, with PM2.5 reaching 422.17. The probable cause of this pollution spike is Industrial Emissions. Children, elderly people, and respiratory patients should avoid outdoor activities. People are advised to wear masks, keep windows closed, and limit unnecessary travel."
2024-02-11 15:00:00,5,5020.14,0.0,172.73,97.27,89.65,442.78,509.04,86.13,20.6915,72.36227,15.5415,0.0,987.6412,8.714677,128.2902,0,Lahore,153.8875352112676,128.887729307673,411.6629938266136,True,Industrial Emissions,"Air pollution has increased in Lahore, with PM2.5 reaching 442.78. The probable cause of this pollution spike is Industrial Emissions. Children, elderly people, and respiratory patients should avoid outdoor activities. People are advised to wear masks, keep windows closed, and limit unnecessary travel."
2024-02-11 16:00:00,5,4325.87,0.0,130.24,87.98,77.25,419.31,483.42,89.17,19.8415,74.81069,15.2415,0.0,987.85974,8.797931,120.76265,0,Lahore,153.8875352112676,128.887729307673,411.6629938266136,True,Industrial Emissions,"Air pollution has increased in Lahore, with PM2.5 reaching 419.31. The probable cause of this pollution spike is Industrial Emissions. Children, elderly people, and respiratory patients should avoid outdoor activities. People are advised to wear masks, keep windows closed, and limit unnecessary travel."
2024-04-11 06:00:00,5,6195.07,37.55,143.95,63.66,27.42,417.42,510.1,36.48,27.0415,58.799236,18.2915,0.0,987.8853,4.5,286.26028,535,Lahore,153.8875352112676,128.887729307673,411.6629938266136,True,Mixed Sources,"Air pollution has increased in Lahore, with PM2.5 reaching 417.42. The probable cause of this pollution spike is Mixed Sources. Children, elderly people, and respiratory patients should avoid outdoor activities. People are advised to wear masks, keep windows closed, and limit unnecessary travel."
2024-04-11 13:00:00,5,8544.92,35.76,309.82,0.05,75.34,464.61,550.09,63.84,22.9415,71.39854,17.491499,0.0,985.8843,7.42159,104.03627,0,Lahore,153.8875352112676,128.887729307673,411.6629938266136,True,Crop Burning,"Air pollution has increased in Lahore, with PM2.5 reaching 464.61. The probable cause of this pollution spike is Crop Burning. Children, elderly people, and respiratory patients should avoid outdoor activities. People are advised to wear masks, keep windows closed, and limit unnecessary travel."
2024-04-11 14:00:00,5,9933.47,65.27,329.02,0.0,86.78,558.41,658.33,86.13,22.0915,73.770164,17.1915,0.0,986.49426,7.973005,118.30067,0,Lahore,153.8875352112676,128.887729307673,411.6629938266136,True,Crop Burning,"Air pollution has increased in Lahore, with PM2.5 reaching 558.41. The probable cause of this pollution spike is Crop Burning. Children, elderly people, and respiratory patients should avoid outdoor activities. People are advised to wear masks, keep windows closed, and limit unnecessary travel."
2024-04-11 15:00:00,5,11001.59,76.89,348.21,0.0,99.18,647.41,761.99,114.5,21.3415,77.229935,17.1915,0.0,986.8198,7.388775,124.07724,0,Lahore,153.8875352112676,128.887729307673,411.6629938266136,True,Crop Burning,"Air pollution has increased in Lahore, with PM2.5 reaching 647.41. The probable cause of this pollution spike is Crop Burning. Children, elderly people, and respiratory patients should avoid outdoor activities. People are advised to wear masks, keep windows closed, and limit unnecessary travel."
2024-04-11 16:00:00,5,10681.15,63.48,334.5,0.0,104.9,699.59,820.12,133.75,20.4415,81.883125,17.241499,0.0,987.1321,7.229191,108.886185,0,Lahore,153.8875352112676,128.887729307673,411.6629938266136,True,Crop Burning,"Air pollution has increased in Lahore, with PM2.5 reaching 699.59. The probable cause of this pollution spike is Crop Burning. Children, elderly people, and respiratory patients should avoid outdoor activities. People are advised to wear masks, keep windows closed, and limit unnecessary travel."
2024-04-11 17:00:00,5,9292.6,39.79,271.44,0.0,98.23,712.13,828.12,125.65,20.0415,82.35348,16.9415,0.0,987.195,6.130579,86.63361,0,Lahore,153.8875352112676,128.887729307673,411.6629938266136,True,Crop Burning,"Air pollution has increased in Lahore, with PM2.5 reaching 712.13. The probable cause of this pollution spike is Crop Burning. Children, elderly people, and respiratory patients should avoid outdoor activities. People are advised to wear masks, keep windows closed, and limit unnecessary travel."
2024-04-11 18:00:00,5,7690.43,22.35,197.41,0.04,82.02,685.24,786.33,99.3,19.5415,83.61022,16.6915,0.0,987.24896,7.2,90.0,0,Lahore,153.8875352112676,128.887729307673,411.6629938266136,True,Crop Burning,"Air pollution has increased in Lahore, with PM2.5 reaching 685.24. The probable cause of this pollution spike is Crop Burning. Children, elderly people, and respiratory patients should avoid outdoor activities. People are advised to wear masks, keep windows closed, and limit unnecessary travel."
2024-04-11 19:00:00,5,5981.45,6.54,132.98,1.61,58.65,621.78,701.45,62.82,19.1915,84.10364,16.4415,0.0,987.0236,7.6409945,105.01841,0,Lahore,153.8875352112676,128.887729307673,411.6629938266136,True,Crop Burning,"Air pollution has increased in Lahore, with PM2.5 reaching 621.78. The probable cause of this pollution spike is Crop Burning. Children, elderly people, and respiratory patients should avoid outdoor activities. People are advised to wear masks, keep windows closed, and limit unnecessary travel."
2024-04-11 20:00:00,5,4486.08,0.3,76.77,15.56,35.29,552.23,613.96,33.94,18.991499,85.43008,16.491499,0.0,987.00616,6.4799995,90.0,0,Lahore,153.8875352112676,128.887729307673,411.6629938266136,True,Industrial Emissions,"Air pollution has increased in Lahore, with PM2.5 reaching 552.23. The probable cause of this pollution spike is Industrial Emissions. Children, elderly people, and respiratory patients should avoid outdoor activities. People are advised to wear masks, keep windows closed, and limit unnecessary travel."
2024-04-11 21:00:00,5,3631.59,0.0,41.81,37.91,22.65,527.32,580.43,20.77,18.5915,86.76008,16.3415,0.0,987.26373,7.208994,92.86235,0,Lahore,153.8875352112676,128.887729307673,411.6629938266136,True,Mixed Sources,"Air pollution has increased in Lahore, with PM2.5 reaching 527.32. The probable cause of this pollution spike is Mixed Sources. Children, elderly people, and respiratory patients should avoid outdoor activities. People are advised to wear masks, keep windows closed, and limit unnecessary travel."
2024-04-11 22:00:00,5,3417.97,0.0,31.19,47.92,18.84,545.17,597.35,16.72,18.1915,88.11656,16.1915,0.0,987.13116,7.102591,98.74608,0,Lahore,153.8875352112676,128.887729307673,411.6629938266136,True,Mixed Sources,"Air pollution has increased in Lahore, with PM2.5 reaching 545.17. The probable cause of this pollution spike is Mixed Sources. Children, elderly people, and respiratory patients should avoid outdoor activities. People are advised to wear masks, keep windows closed, and limit unnecessary travel."
2024-04-11 23:00:00,5,3471.37,0.0,31.53,43.99,17.88,560.3,613.29,16.47,18.1915,86.99947,15.991499,0.0,987.22864,7.3799996,90.0,0,Lahore,153.8875352112676,128.887729307673,411.6629938266136,True,Mixed Sources,"Air pollution has increased in Lahore, with PM2.5 reaching 560.3. The probable cause of this pollution spike is Mixed Sources. Children, elderly people, and respiratory patients should avoid outdoor activities. People are advised to wear masks, keep windows closed, and limit unnecessary travel."
2024-05-11 00:00:00,5,3524.78,0.0,36.33,32.54,15.97,552.58,604.4,14.57,17.991499,87.81859,15.9415,0.0,987.5032,7.208994,92.86235,0,Lahore,153.8875352112676,128.887729307673,411.6629938266136,True,Mixed Sources,"Air pollution has increased in Lahore, with PM2.5 reaching 552.58. The probable cause of this pollution spike is Mixed Sources. Children, elderly people, and respiratory patients should avoid outdoor activities. People are advised to wear masks, keep windows closed, and limit unnecessary travel."
2024-05-11 01:00:00,5,3471.37,0.14,42.84,17.7,13.59,506.89,555.8,13.05,17.3415,92.666046,16.1415,0.0,988.4202,6.489992,93.17977,0,Lahore,153.8875352112676,128.887729307673,411.6629938266136,True,Mixed Sources,"Air pollution has increased in Lahore, with PM2.5 reaching 506.89. The probable cause of this pollution spike is Mixed Sources. Children, elderly people, and respiratory patients should avoid outdoor activities. People are advised to wear masks, keep windows closed, and limit unnecessary travel."
2024-05-11 02:00:00,5,3738.4,7.1,55.52,1.79,14.19,469.38,520.85,19.0,17.7915,91.228096,16.3415,0.0,989.4344,8.43699,101.07016,13,Lahore,153.8875352112676,128.887729307673,411.6629938266136,True,Mixed Sources,"Air pollution has increased in Lahore, with PM2.5 reaching 469.38. The probable cause of this pollution spike is Mixed Sources. Children, elderly people, and respiratory patients should avoid outdoor activities. People are advised to wear masks, keep windows closed, and limit unnecessary travel."
2024-05-11 03:00:00,5,4219.06,27.49,61.01,2.17,16.69,445.88,501.66,24.32,20.1415,82.10526,16.991499,0.0,990.22473,9.96524,106.798454,118,Lahore,153.8875352112676,128.887729307673,411.6629938266136,True,Mixed Sources,"Air pollution has increased in Lahore, with PM2.5 reaching 445.88. The probable cause of this pollution spike is Mixed Sources. Children, elderly people, and respiratory patients should avoid outdoor activities. People are advised to wear masks, keep windows closed, and limit unnecessary travel."
2024-05-12 05:00:00,5,9185.79,185.97,115.16,9.39,25.27,463.02,570.71,61.81,16.7915,57.65024,8.3914995,0.0,990.3202,2.3051248,231.34016,362,Lahore,153.8875352112676,128.887729307673,411.6629938266136,True,Crop Burning,"Air pollution has increased in Lahore, with PM2.5 reaching 463.02. The probable cause of this pollution spike is Crop Burning. Children, elderly people, and respiratory patients should avoid outdoor activities. People are advised to wear masks, keep windows closed, and limit unnecessary travel."
2024-05-12 06:00:00,5,9506.23,132.32,194.67,29.33,29.09,520.84,630.87,57.25,19.3415,48.125908,8.091499,0.0,989.76514,3.438895,263.9911,473,Lahore,153.8875352112676,128.887729307673,411.6629938266136,True,Crop Burning,"Air pollution has increased in Lahore, with PM2.5 reaching 520.84. The probable cause of this pollution spike is Crop Burning. Children, elderly people, and respiratory patients should avoid outdoor activities. People are advised to wear masks, keep windows closed, and limit unnecessary travel."
2024-05-12 16:00:00,5,7797.24,118.02,165.88,0.0,28.13,429.37,555.82,65.86,15.9415,54.94071,6.8915,0.0,988.2958,4.0249224,280.30478,0,Lahore,153.8875352112676,128.887729307673,411.6629938266136,True,Crop Burning,"Air pollution has increased in Lahore, with PM2.5 reaching 429.37. The probable cause of this pollution spike is Crop Burning. Children, elderly people, and respiratory patients should avoid outdoor activities. People are advised to wear masks, keep windows closed, and limit unnecessary travel."
2024-05-12 17:00:00,5,7904.05,112.65,159.03,0.0,25.99,474.5,610.95,67.89,14.9415,58.377975,6.8415003,0.0,988.3039,3.563818,315.0001,0,Lahore,153.8875352112676,128.887729307673,411.6629938266136,True,Crop Burning,"Air pollution has increased in Lahore, with PM2.5 reaching 474.5. The probable cause of this pollution spike is Crop Burning. Children, elderly people, and respiratory patients should avoid outdoor activities. People are advised to wear masks, keep windows closed, and limit unnecessary travel."
2024-05-12 18:00:00,5,7690.43,101.92,150.8,0.0,21.7,480.88,624.32,61.81,13.8914995,62.04947,6.7415004,0.0,988.0143,4.080882,318.57642,0,Lahore,153.8875352112676,128.887729307673,411.6629938266136,True,Crop Burning,"Air pollution has increased in Lahore, with PM2.5 reaching 480.88. The probable cause of this pollution spike is Crop Burning. Children, elderly people, and respiratory patients should avoid outdoor activities. People are advised to wear masks, keep windows closed, and limit unnecessary travel."
2024-05-12 19:00:00,5,6942.75,85.83,142.57,0.0,15.97,443.27,586.94,48.64,12.9415,65.78368,6.6915,0.0,987.5385,3.8183763,315.0001,0,Lahore,153.8875352112676,128.887729307673,411.6629938266136,True,Vehicular Emissions,"Air pollution has increased in Lahore, with PM2.5 reaching 443.27. The probable cause of this pollution spike is Vehicular Emissions. Children, elderly people, and respiratory patients should avoid outdoor activities. People are advised to wear masks, keep windows closed, and limit unnecessary travel."
2024-06-11 13:00:00,5,7476.81,27.72,312.57,0.28,98.23,449.26,529.17,66.88,26.5915,56.871544,17.3415,0.0,988.62805,3.06,360.0,0,Lahore,153.8875352112676,128.887729307673,411.6629938266136,True,Crop Burning,"Air pollution has increased in Lahore, with PM2.5 reaching 449.26. The probable cause of this pollution spike is Crop Burning. Children, elderly people, and respiratory patients should avoid outdoor activities. People are advised to wear masks, keep windows closed, and limit unnecessary travel."
2024-06-11 14:00:00,5,8865.36,68.84,304.34,0.0,100.14,529.76,626.19,81.06,26.0415,58.56328,17.2915,0.0,988.6798,2.9522195,232.43134,0,Lahore,153.8875352112676,128.887729307673,411.6629938266136,True,Crop Burning,"Air pollution has increased in Lahore, with PM2.5 reaching 529.76. The probable cause of this pollution spike is Crop Burning. Children, elderly people, and respiratory patients should avoid outdoor activities. People are advised to wear masks, keep windows closed, and limit unnecessary travel."
2024-06-11 15:00:00,5,10253.91,94.77,298.86,0.0,89.65,620.05,732.9,85.12,24.8415,63.29067,17.3915,0.0,988.7743,3.4763772,158.74942,0,Lahore,153.8875352112676,128.887729307673,411.6629938266136,True,Crop Burning,"Air pollution has increased in Lahore, with PM2.5 reaching 620.05. The probable cause of this pollution spike is Crop Burning. Children, elderly people, and respiratory patients should avoid outdoor activities. People are advised to wear masks, keep windows closed, and limit unnecessary travel."
2024-06-11 16:00:00,5,11001.59,99.24,298.86,0.0,93.46,703.13,826.92,100.31,22.4415,74.06308,17.5915,0.0,988.766,3.9966483,144.16226,0,Lahore,153.8875352112676,128.887729307673,411.6629938266136,True,Crop Burning,"Air pollution has increased in Lahore, with PM2.5 reaching 703.13. The probable cause of this pollution spike is Crop Burning. Children, elderly people, and respiratory patients should avoid outdoor activities. People are advised to wear masks, keep windows closed, and limit unnecessary travel."
2024-06-11 17:00:00,5,10681.15,85.83,287.89,0.0,103.95,767.0,895.32,121.59,21.6915,77.28311,17.5415,0.0,988.6044,5.068846,163.49556,0,Lahore,153.8875352112676,128.887729307673,411.6629938266136,True,Crop Burning,"Air pollution has increased in Lahore, with PM2.5 reaching 767.0. The probable cause of this pollution spike is Crop Burning. Children, elderly people, and respiratory patients should avoid outdoor activities. People are advised to wear masks, keep windows closed, and limit unnecessary travel."
2024-06-11 18:00:00,5,9185.79,59.9,241.28,0.0,95.37,757.89,878.53,122.61,22.4415,73.36541,17.4415,0.0,988.57104,4.1556225,175.03035,0,Lahore,153.8875352112676,128.887729307673,411.6629938266136,True,Crop Burning,"Air pollution has increased in Lahore, with PM2.5 reaching 757.89. The probable cause of this pollution spike is Crop Burning. Children, elderly people, and respiratory patients should avoid outdoor activities. People are advised to wear masks, keep windows closed, and limit unnecessary travel."
2024-06-11 19:00:00,5,7156.37,35.32,183.7,0.0,79.15,683.5,784.35,112.47,21.741499,76.32129,17.3915,0.0,988.21857,2.7943513,104.93147,0,Lahore,153.8875352112676,128.887729307673,411.6629938266136,True,Crop Burning,"Air pollution has increased in Lahore, with PM2.5 reaching 683.5. The probable cause of this pollution spike is Crop Burning. Children, elderly people, and respiratory patients should avoid outdoor activities. People are advised to wear masks, keep windows closed, and limit unnecessary travel."
2024-06-11 20:00:00,5,5233.76,17.21,126.12,0.03,59.6,575.28,657.39,99.3,18.6415,90.706795,17.0915,0.0,987.65784,5.815978,68.19853,0,Lahore,153.8875352112676,128.887729307673,411.6629938266136,True,Industrial Emissions,"Air pollution has increased in Lahore, with PM2.5 reaching 575.28. The probable cause of this pollution spike is Industrial Emissions. Children, elderly people, and respiratory patients should avoid outdoor activities. People are advised to wear masks, keep windows closed, and limit unnecessary travel."
2024-06-11 21:00:00,5,3738.4,7.82,76.77,0.15,37.67,452.19,520.09,76.0,18.4415,92.14079,17.1415,0.0,987.2503,5.154415,65.22488,0,Lahore,153.8875352112676,128.887729307673,411.6629938266136,True,Industrial Emissions,"Air pollution has increased in Lahore, with PM2.5 reaching 452.19. The probable cause of this pollution spike is Industrial Emissions. Children, elderly people, and respiratory patients should avoid outdoor activities. People are advised to wear masks, keep windows closed, and limit unnecessary travel."
2024-07-10 14:00:00,5,7370.0,19.45,304.34,0.11,61.04,417.82,495.17,62.82,25.741499,75.072815,20.991499,0.0,987.387,4.5891175,64.440094,0,Lahore,153.8875352112676,128.887729307673,411.6629938266136,True,Crop Burning,"Air pollution has increased in Lahore, with PM2.5 reaching 417.82. The probable cause of this pollution spike is Crop Burning. Children, elderly people, and respiratory patients should avoid outdoor activities. People are advised to wear masks, keep windows closed, and limit unnecessary travel."
2024-07-10 15:00:00,5,8331.3,34.87,290.63,0.0,57.7,468.82,556.99,62.32,25.0915,77.07619,20.7915,0.0,987.91797,4.39436,55.0079,0,Lahore,153.8875352112676,128.887729307673,411.6629938266136,True,Crop Burning,"Air pollution has increased in Lahore, with PM2.5 reaching 468.82. The probable cause of this pollution spike is Crop Burning. Children, elderly people, and respiratory patients should avoid outdoor activities. People are advised to wear masks, keep windows closed, and limit unnecessary travel."
2024-07-10 16:00:00,5,8865.36,40.23,274.18,0.0,48.16,507.98,603.24,56.74,26.3915,68.55337,20.1415,0.0,988.0264,2.19718,55.0079,0,Lahore,153.8875352112676,128.887729307673,411.6629938266136,True,Crop Burning,"Air pollution has increased in Lahore, with PM2.5 reaching 507.98. The probable cause of this pollution spike is Crop Burning. Children, elderly people, and respiratory patients should avoid outdoor activities. People are advised to wear masks, keep windows closed, and limit unnecessary travel."
2024-07-10 17:00:00,5,8224.49,34.87,233.05,0.0,39.58,512.21,613.89,52.69,24.5415,78.19051,20.491499,0.0,987.6767,3.06,118.072395,0,Lahore,153.8875352112676,128.887729307673,411.6629938266136,True,Crop Burning,"Air pollution has increased in Lahore, with PM2.5 reaching 512.21. The probable cause of this pollution spike is Crop Burning. Children, elderly people, and respiratory patients should avoid outdoor activities. People are advised to wear masks, keep windows closed, and limit unnecessary travel."
2024-07-10 18:00:00,5,6195.07,24.36,165.88,0.01,31.95,441.8,542.91,44.08,23.3415,83.77875,20.4415,0.0,987.2829,5.904439,127.568665,0,Lahore,153.8875352112676,128.887729307673,411.6629938266136,True,Industrial Emissions,"Air pollution has increased in Lahore, with PM2.5 reaching 441.8. The probable cause of this pollution spike is Industrial Emissions. Children, elderly people, and respiratory patients should avoid outdoor activities. People are advised to wear masks, keep windows closed, and limit unnecessary travel."
2024-07-11 16:00:00,5,5500.79,33.53,143.95,0.0,72.48,448.16,540.2,98.29,21.0915,87.53838,18.9415,0.0,988.7476,7.3447943,107.10281,0,Lahore,153.8875352112676,128.887729307673,411.6629938266136,True,Crop Burning,"Air pollution has increased in Lahore, with PM2.5 reaching 448.16. The probable cause of this pollution spike is Crop Burning. Children, elderly people, and respiratory patients should avoid outdoor activities. People are advised to wear masks, keep windows closed, and limit unnecessary travel."
2024-07-11 17:00:00,5,4913.33,25.7,106.93,0.01,56.74,448.16,539.26,97.27,20.491499,89.70345,18.741499,0.0,988.69574,7.748368,92.66295,0,Lahore,153.8875352112676,128.887729307673,411.6629938266136,True,Industrial Emissions,"Air pollution has increased in Lahore, with PM2.5 reaching 448.16. The probable cause of this pollution spike is Industrial Emissions. Children, elderly people, and respiratory patients should avoid outdoor activities. People are advised to wear masks, keep windows closed, and limit unnecessary travel."
2024-07-12 03:00:00,5,5767.82,80.47,73.34,0.66,12.52,420.35,513.5,13.17,9.7415,87.65698,7.7915,0.0,986.7569,4.2021427,226.73567,63,Lahore,153.8875352112676,128.887729307673,411.6629938266136,True,Mixed Sources,"Air pollution has increased in Lahore, with PM2.5 reaching 420.35. The probable cause of this pollution spike is Mixed Sources. Children, elderly people, and respiratory patients should avoid outdoor activities. People are advised to wear masks, keep windows closed, and limit unnecessary travel."
2024-07-12 04:00:00,5,7370.0,125.17,89.11,4.83,14.78,483.12,575.58,17.23,12.6414995,77.14322,8.7415,0.0,987.5111,1.2074767,116.56499,209,Lahore,153.8875352112676,128.887729307673,411.6629938266136,True,Mixed Sources,"Air pollution has increased in Lahore, with PM2.5 reaching 483.12. The probable cause of this pollution spike is Mixed Sources. Children, elderly people, and respiratory patients should avoid outdoor activities. People are advised to wear masks, keep windows closed, and limit unnecessary travel."
2024-07-12 05:00:00,5,8865.36,139.47,130.24,12.7,17.4,569.7,667.28,30.4,15.7915,65.95281,9.4415,0.0,988.185,2.1897945,99.46225,357,Lahore,153.8875352112676,128.887729307673,411.6629938266136,True,Mixed Sources,"Air pollution has increased in Lahore, with PM2.5 reaching 569.7. The probable cause of this pollution spike is Mixed Sources. Children, elderly people, and respiratory patients should avoid outdoor activities. People are advised to wear masks, keep windows closed, and limit unnecessary travel."
2024-07-12 06:00:00,5,9399.41,89.41,197.41,40.77,19.55,665.13,765.74,35.97,18.1415,54.761845,8.8914995,0.0,988.0038,3.189608,106.38962,467,Lahore,153.8875352112676,128.887729307673,411.6629938266136,True,Vehicular Emissions,"Air pollution has increased in Lahore, with PM2.5 reaching 665.13. The probable cause of this pollution spike is Vehicular Emissions. Children, elderly people, and respiratory patients should avoid outdoor activities. People are advised to wear masks, keep windows closed, and limit unnecessary travel."
2024-08-11 14:00:00,5,7049.56,81.36,227.57,0.0,57.22,434.05,530.78,55.73,21.6915,83.85402,18.8415,0.0,987.6297,8.836514,86.49654,0,Lahore,153.8875352112676,128.887729307673,411.6629938266136,True,Crop Burning,"Air pollution has increased in Lahore, with PM2.5 reaching 434.05. The probable cause of this pollution spike is Crop Burning. Children, elderly people, and respiratory patients should avoid outdoor activities. People are advised to wear masks, keep windows closed, and limit unnecessary travel."
2024-08-11 15:00:00,5,7690.43,91.2,222.09,0.0,51.5,490.34,601.05,59.28,20.991499,86.44211,18.6415,0.0,987.86176,7.7420926,88.667816,0,Lahore,153.8875352112676,128.887729307673,411.6629938266136,True,Crop Burning,"Air pollution has increased in Lahore, with PM2.5 reaching 490.34. The probable cause of this pollution spike is Crop Burning. Children, elderly people, and respiratory patients should avoid outdoor activities. People are advised to wear masks, keep windows closed, and limit unnecessary travel."
2024-08-11 16:00:00,5,7797.24,86.72,205.64,0.0,45.78,536.47,657.65,61.81,20.5915,88.04366,18.5415,0.0,988.21716,5.5887027,75.068535,0,Lahore,153.8875352112676,128.887729307673,411.6629938266136,True,Crop Burning,"Air pollution has increased in Lahore, with PM2.5 reaching 536.47. The probable cause of this pollution spike is Crop Burning. Children, elderly people, and respiratory patients should avoid outdoor activities. People are advised to wear masks, keep windows closed, and limit unnecessary travel."
2024-08-11 17:00:00,5,7156.37,67.06,174.11,0.0,44.35,554.43,682.82,71.94,20.0915,90.52055,18.491499,0.0,988.2713,5.495161,58.392544,0,Lahore,153.8875352112676,128.887729307673,411.6629938266136,True,Crop Burning,"Air pollution has increased in Lahore, with PM2.5 reaching 554.43. The probable cause of this pollution spike is Crop Burning. Children, elderly people, and respiratory patients should avoid outdoor activities. People are advised to wear masks, keep windows closed, and limit unnecessary travel."
2024-08-11 18:00:00,5,5767.82,41.57,139.83,0.0,43.39,519.35,646.33,85.12,19.6915,91.63623,18.2915,0.0,988.139,5.1165614,50.710617,0,Lahore,153.8875352112676,128.887729307673,411.6629938266136,True,Crop Burning,"Air pollution has increased in Lahore, with PM2.5 reaching 519.35. The probable cause of this pollution spike is Crop Burning. Children, elderly people, and respiratory patients should avoid outdoor activities. People are advised to wear masks, keep windows closed, and limit unnecessary travel."
2024-08-11 19:00:00,5,4325.87,22.58,105.56,0.02,36.24,450.85,562.46,86.13,19.3415,92.48264,18.0915,0.0,987.71875,5.495161,58.392544,0,Lahore,153.8875352112676,128.887729307673,411.6629938266136,True,Industrial Emissions,"Air pollution has increased in Lahore, with PM2.5 reaching 450.85. The probable cause of this pollution spike is Industrial Emissions. Children, elderly people, and respiratory patients should avoid outdoor activities. People are advised to wear masks, keep windows closed, and limit unnecessary travel."
2024-09-12 15:00:00,5,5287.17,43.81,112.41,0.0,30.52,414.48,523.56,53.7,13.2915,52.562187,3.7914999,0.0,992.53723,6.623413,317.2026,0,Lahore,153.8875352112676,128.887729307673,411.6629938266136,True,Mixed Sources,"Air pollution has increased in Lahore, with PM2.5 reaching 414.48. The probable cause of this pollution spike is Mixed Sources. Children, elderly people, and respiratory patients should avoid outdoor activities. People are advised to wear masks, keep windows closed, and limit unnecessary travel."
2024-09-12 16:00:00,5,5821.23,51.41,104.19,0.0,30.04,457.56,589.99,61.3,12.3914995,54.01065,3.3415,0.0,992.64984,6.6185193,337.6198,0,Lahore,153.8875352112676,128.887729307673,411.6629938266136,True,Crop Burning,"Air pollution has increased in Lahore, with PM2.5 reaching 457.56. The probable cause of this pollution spike is Crop Burning. Children, elderly people, and respiratory patients should avoid outdoor activities. People are advised to wear masks, keep windows closed, and limit unnecessary travel."
2024-09-12 17:00:00,5,5874.63,55.88,89.11,0.0,26.7,460.19,609.32,62.82,11.3914995,56.68069,3.0915,0.0,992.5577,6.28713,346.75946,0,Lahore,153.8875352112676,128.887729307673,411.6629938266136,True,Crop Burning,"Air pollution has increased in Lahore, with PM2.5 reaching 460.19. The probable cause of this pollution spike is Crop Burning. Children, elderly people, and respiratory patients should avoid outdoor activities. People are advised to wear masks, keep windows closed, and limit unnecessary travel."
2024-09-12 18:00:00,5,5393.98,53.64,74.03,0.0,20.98,413.7,566.42,56.24,10.6915,58.334034,2.8415,0.0,992.3953,6.162207,353.29025,0,Lahore,153.8875352112676,128.887729307673,411.6629938266136,True,Mixed Sources,"Air pollution has increased in Lahore, with PM2.5 reaching 413.7. The probable cause of this pollution spike is Mixed Sources. Children, elderly people, and respiratory patients should avoid outdoor activities. People are advised to wear masks, keep windows closed, and limit unnecessary travel."
2024-12-12 03:00:00,5,7263.18,119.81,80.88,0.25,14.07,508.06,610.85,15.45,7.7415004,82.45944,4.9415,0.0,990.7553,2.5772078,102.09474,54,Lahore,153.8875352112676,128.887729307673,411.6629938266136,True,Mixed Sources,"Air pollution has increased in Lahore, with PM2.5 reaching 508.06. The probable cause of this pollution spike is Mixed Sources. Children, elderly people, and respiratory patients should avoid outdoor activities. People are advised to wear masks, keep windows closed, and limit unnecessary travel."
2024-12-12 04:00:00,5,9399.41,173.45,97.33,2.53,16.69,622.36,737.15,22.04,10.3914995,80.561485,7.1915,0.0,991.68585,1.08,180.0,194,Lahore,153.8875352112676,128.887729307673,411.6629938266136,True,Mixed Sources,"Air pollution has increased in Lahore, with PM2.5 reaching 622.36. The probable cause of this pollution spike is Mixed Sources. Children, elderly people, and respiratory patients should avoid outdoor activities. People are advised to wear masks, keep windows closed, and limit unnecessary travel."
2024-12-12 05:00:00,5,10681.15,182.39,132.98,7.87,20.74,694.93,815.43,40.02,13.1915,66.974945,7.1915,0.0,992.43085,2.0991426,239.0363,342,Lahore,153.8875352112676,128.887729307673,411.6629938266136,True,Mixed Sources,"Air pollution has increased in Lahore, with PM2.5 reaching 694.93. The probable cause of this pollution spike is Mixed Sources. Children, elderly people, and respiratory patients should avoid outdoor activities. People are advised to wear masks, keep windows closed, and limit unnecessary travel."
2024-12-12 06:00:00,5,11428.83,151.99,208.38,20.92,25.51,752.11,873.65,47.12,15.3914995,57.104538,6.9415,0.0,992.43536,2.8799999,270.0,455,Lahore,153.8875352112676,128.887729307673,411.6629938266136,True,Vehicular Emissions,"Air pollution has increased in Lahore, with PM2.5 reaching 752.11. The probable cause of this pollution spike is Vehicular Emissions. Children, elderly people, and respiratory patients should avoid outdoor activities. People are advised to wear masks, keep windows closed, and limit unnecessary travel."
2024-12-12 16:00:00,5,5714.42,58.11,117.9,0.0,18.84,418.92,538.37,52.18,11.591499,64.13613,5.0415,0.0,992.7709,5.441838,304.21576,0,Lahore,153.8875352112676,128.887729307673,411.6629938266136,True,Crop Burning,"Air pollution has increased in Lahore, with PM2.5 reaching 418.92. The probable cause of this pollution spike is Crop Burning. Children, elderly people, and respiratory patients should avoid outdoor activities. People are advised to wear masks, keep windows closed, and limit unnecessary travel."
2024-12-12 17:00:00,5,5287.17,39.34,109.67,0.0,16.69,419.04,535.0,47.62,10.841499,65.77958,4.6915,0.0,992.89624,5.7176566,298.1785,0,Lahore,153.8875352112676,128.887729307673,411.6629938266136,True,Mixed Sources,"Air pollution has increased in Lahore, with PM2.5 reaching 419.04. The probable cause of this pollution spike is Mixed Sources. Children, elderly people, and respiratory patients should avoid outdoor activities. People are advised to wear masks, keep windows closed, and limit unnecessary travel."
2024-01-11 18:00:00,5,8010.86,40.68,224.83,0.0,25.75,410.01,501.41,62.32,18.7985,78.59047,14.9985,0.0,976.6014,0.35999998,360.0,0,Peshawar,126.91419600938967,127.11643535170002,381.1470667127897,True,Crop Burning,"Air pollution has increased in Peshawar, with PM2.5 reaching 410.01. The probable cause of this pollution spike is Crop Burning. Children, elderly people, and respiratory patients should avoid outdoor activities. People are advised to wear masks, keep windows closed, and limit unnecessary travel."
2024-01-11 19:00:00,5,8438.11,38.44,244.02,0.0,27.66,414.77,498.95,66.88,18.5985,78.30856,14.7485,0.0,976.2872,0.35999998,360.0,0,Peshawar,126.91419600938967,127.11643535170002,381.1470667127897,True,Crop Burning,"Air pollution has increased in Peshawar, with PM2.5 reaching 414.77. The probable cause of this pollution spike is Crop Burning. Children, elderly people, and respiratory patients should avoid outdoor activities. People are advised to wear masks, keep windows closed, and limit unnecessary travel."
2024-01-11 20:00:00,5,8117.68,27.49,244.02,0.0,27.66,390.69,464.86,68.9,18.2985,78.01179,14.3985,0.0,975.9604,1.2979984,326.3099,0,Peshawar,126.91419600938967,127.11643535170002,381.1470667127897,True,Crop Burning,"Air pollution has increased in Peshawar, with PM2.5 reaching 390.69. The probable cause of this pollution spike is Crop Burning. Children, elderly people, and respiratory patients should avoid outdoor activities. People are advised to wear masks, keep windows closed, and limit unnecessary travel."
2024-02-11 06:00:00,5,7049.56,30.85,180.96,108.72,28.37,441.56,517.07,77.01,25.7985,42.64376,12.1485,0.0,977.9442,0.76367533,135.0001,518,Peshawar,126.91419600938967,127.11643535170002,381.1470667127897,True,Crop Burning,"Air pollution has increased in Peshawar, with PM2.5 reaching 441.56. The probable cause of this pollution spike is Crop Burning. Children, elderly people, and respiratory patients should avoid outdoor activities. People are advised to wear masks, keep windows closed, and limit unnecessary travel."
2024-02-11 15:00:00,5,4699.71,0.12,137.09,23.6,11.8,397.89,459.84,25.84,19.3985,80.45846,15.9485,0.0,976.4839,5.414979,338.5522,0,Peshawar,126.91419600938967,127.11643535170002,381.1470667127897,True,Mixed Sources,"Air pollution has increased in Peshawar, with PM2.5 reaching 397.89. The probable cause of this pollution spike is Mixed Sources. Children, elderly people, and respiratory patients should avoid outdoor activities. People are advised to wear masks, keep windows closed, and limit unnecessary travel."
2024-02-11 16:00:00,5,5180.36,1.44,148.06,6.53,15.14,434.9,501.91,33.94,17.8985,87.81043,15.848499,0.0,976.969,4.2481523,323.61554,0,Peshawar,126.91419600938967,127.11643535170002,381.1470667127897,True,Mixed Sources,"Air pollution has increased in Peshawar, with PM2.5 reaching 434.9. The probable cause of this pollution spike is Mixed Sources. Children, elderly people, and respiratory patients should avoid outdoor activities. People are advised to wear masks, keep windows closed, and limit unnecessary travel."
2024-02-11 17:00:00,5,5661.01,4.41,156.28,1.36,19.07,469.58,540.32,43.57,19.0485,79.897934,15.4985,0.0,977.3068,0.76367533,315.0001,0,Peshawar,126.91419600938967,127.11643535170002,381.1470667127897,True,Mixed Sources,"Air pollution has increased in Peshawar, with PM2.5 reaching 469.58. The probable cause of this pollution spike is Mixed Sources. Children, elderly people, and respiratory patients should avoid outdoor activities. People are advised to wear masks, keep windows closed, and limit unnecessary travel."
2024-02-11 18:00:00,5,6195.07,5.64,165.88,0.8,21.93,511.91,582.81,50.16,18.7485,80.888245,15.3985,0.0,977.5578,1.26,360.0,0,Peshawar,126.91419600938967,127.11643535170002,381.1470667127897,True,Crop Burning,"Air pollution has increased in Peshawar, with PM2.5 reaching 511.91. The probable cause of this pollution spike is Crop Burning. Children, elderly people, and respiratory patients should avoid outdoor activities. People are advised to wear masks, keep windows closed, and limit unnecessary travel."
2024-02-11 19:00:00,5,6568.91,1.93,167.25,3.98,23.13,548.39,613.19,52.18,17.1485,88.59397,15.2485,0.0,977.1626,2.6208394,15.945477,0,Peshawar,126.91419600938967,127.11643535170002,381.1470667127897,True,Crop Burning,"Air pollution has increased in Peshawar, with PM2.5 reaching 548.39. The probable cause of this pollution spike is Crop Burning. Children, elderly people, and respiratory patients should avoid outdoor activities. People are advised to wear masks, keep windows closed, and limit unnecessary travel."
2024-02-11 20:00:00,5,6568.91,0.16,153.54,10.46,23.13,564.43,623.93,53.2,16.4985,90.851616,14.9985,0.0,977.0793,3.01735,17.354122,0,Peshawar,126.91419600938967,127.11643535170002,381.1470667127897,True,Crop Burning,"Air pollution has increased in Peshawar, with PM2.5 reaching 564.43. The probable cause of this pollution spike is Crop Burning. Children, elderly people, and respiratory patients should avoid outdoor activities. People are advised to wear masks, keep windows closed, and limit unnecessary travel."
2024-02-11 21:00:00,5,6408.69,0.02,139.83,14.66,23.37,565.74,623.08,55.73,17.2985,86.35875,14.9985,0.0,977.37427,1.6199999,360.0,0,Peshawar,126.91419600938967,127.11643535170002,381.1470667127897,True,Crop Burning,"Air pollution has increased in Peshawar, with PM2.5 reaching 565.74. The probable cause of this pollution spike is Crop Burning. Children, elderly people, and respiratory patients should avoid outdoor activities. People are advised to wear masks, keep windows closed, and limit unnecessary travel."
2024-02-11 22:00:00,5,6195.07,0.01,127.49,14.31,22.17,554.47,610.13,55.22,17.1485,86.06642,14.7985,0.0,977.25885,1.8,323.13,0,Peshawar,126.91419600938967,127.11643535170002,381.1470667127897,True,Crop Burning,"Air pollution has increased in Peshawar, with PM2.5 reaching 554.47. The probable cause of this pollution spike is Crop Burning. Children, elderly people, and respiratory patients should avoid outdoor activities. People are advised to wear masks, keep windows closed, and limit unnecessary travel."
2024-02-11 23:00:00,5,5661.01,0.01,109.67,16.63,20.03,515.27,567.14,52.18,17.1985,83.87886,14.4485,0.0,977.265,2.9301877,312.5104,0,Peshawar,126.91419600938967,127.11643535170002,381.1470667127897,True,Crop Burning,"Air pollution has increased in Peshawar, with PM2.5 reaching 515.27. The probable cause of this pollution spike is Crop Burning. Children, elderly people, and respiratory patients should avoid outdoor activities. People are advised to wear masks, keep windows closed, and limit unnecessary travel."
2024-03-10 06:00:00,5,5287.17,14.75,134.35,180.24,21.22,410.24,487.44,54.21,31.948502,38.813686,16.1985,0.0,969.69965,2.1674871,85.23644,637,Peshawar,126.91419600938967,127.11643535170002,381.1470667127897,True,Mixed Sources,"Air pollution has increased in Peshawar, with PM2.5 reaching 410.24. The probable cause of this pollution spike is Mixed Sources. Children, elderly people, and respiratory patients should avoid outdoor activities. People are advised to wear masks, keep windows closed, and limit unnecessary travel."
2024-03-11 00:00:00,5,4859.92,0.0,84.31,21.82,17.88,447.85,494.66,49.65,17.1985,82.00087,14.0985,0.0,977.5539,3.0547013,315.0001,0,Peshawar,126.91419600938967,127.11643535170002,381.1470667127897,True,Mixed Sources,"Air pollution has increased in Peshawar, with PM2.5 reaching 447.85. The probable cause of this pollution spike is Mixed Sources. Children, elderly people, and respiratory patients should avoid outdoor activities. People are advised to wear masks, keep windows closed, and limit unnecessary travel."
2024-03-11 01:00:00,5,4165.65,0.01,69.92,22.89,16.93,387.49,431.45,50.16,17.0985,83.05751,14.1985,0.0,978.2151,2.4482646,342.8972,0,Peshawar,126.91419600938967,127.11643535170002,381.1470667127897,True,Mixed Sources,"Air pollution has increased in Peshawar, with PM2.5 reaching 387.49. The probable cause of this pollution spike is Mixed Sources. Children, elderly people, and respiratory patients should avoid outdoor activities. People are advised to wear masks, keep windows closed, and limit unnecessary travel."
2024-03-11 16:00:00,5,5073.55,7.6,154.91,0.48,17.4,381.69,446.19,40.53,18.6485,74.1286,13.9485,0.0,978.508,3.9477081,313.1524,0,Peshawar,126.91419600938967,127.11643535170002,381.1470667127897,True,Mixed Sources,"Air pollution has increased in Peshawar, with PM2.5 reaching 381.69. The probable cause of this pollution spike is Mixed Sources. Children, elderly people, and respiratory patients should avoid outdoor activities. People are advised to wear masks, keep windows closed, and limit unnecessary travel."
2024-03-11 17:00:00,5,5500.79,10.06,165.88,0.14,20.74,405.86,473.16,49.65,19.1485,68.6526,13.2485,0.0,978.8599,2.1674871,318.36655,0,Peshawar,126.91419600938967,127.11643535170002,381.1470667127897,True,Mixed Sources,"Air pollution has increased in Peshawar, with PM2.5 reaching 405.86. The probable cause of this pollution spike is Mixed Sources. Children, elderly people, and respiratory patients should avoid outdoor activities. People are advised to wear masks, keep windows closed, and limit unnecessary travel."
2024-03-11 18:00:00,5,5874.63,11.51,175.48,0.08,22.41,417.26,482.93,55.22,20.3485,61.881763,12.7985,0.0,979.0106,2.3400002,292.6199,0,Peshawar,126.91419600938967,127.11643535170002,381.1470667127897,True,Crop Burning,"Air pollution has increased in Peshawar, with PM2.5 reaching 417.26. The probable cause of this pollution spike is Crop Burning. Children, elderly people, and respiratory patients should avoid outdoor activities. People are advised to wear masks, keep windows closed, and limit unnecessary travel."
2024-03-11 19:00:00,5,5714.42,7.82,172.73,0.39,22.17,399.73,456.9,55.22,20.0485,63.040073,12.7985,0.0,978.49146,1.8792552,16.699326,0,Peshawar,126.91419600938967,127.11643535170002,381.1470667127897,True,Crop Burning,"Air pollution has increased in Peshawar, with PM2.5 reaching 399.73. The probable cause of this pollution spike is Crop Burning. Children, elderly people, and respiratory patients should avoid outdoor activities. People are advised to wear masks, keep windows closed, and limit unnecessary travel."
2024-04-11 15:00:00,5,5340.58,9.61,157.65,0.84,13.83,386.45,464.0,30.91,19.8485,74.81187,15.2485,0.0,974.9994,4.1085763,331.1893,0,Peshawar,126.91419600938967,127.11643535170002,381.1470667127897,True,Mixed Sources,"Air pollution has increased in Peshawar, with PM2.5 reaching 386.45. The probable cause of this pollution spike is Mixed Sources. Children, elderly people, and respiratory patients should avoid outdoor activities. People are advised to wear masks, keep windows closed, and limit unnecessary travel."
2024-04-11 16:00:00,5,5981.45,16.99,167.25,0.03,18.36,438.51,525.14,41.54,19.0985,77.88024,15.1485,0.0,975.67596,5.3517847,340.3461,0,Peshawar,126.91419600938967,127.11643535170002,381.1470667127897,True,Mixed Sources,"Air pollution has increased in Peshawar, with PM2.5 reaching 438.51. The probable cause of this pollution spike is Mixed Sources. Children, elderly people, and respiratory patients should avoid outdoor activities. People are advised to wear masks, keep windows closed, and limit unnecessary travel."
2024-04-11 17:00:00,5,6408.69,19.0,180.96,0.01,22.89,480.25,576.07,53.7,18.0985,82.3781,15.0485,0.0,975.9352,7.0568266,5.8559217,0,Peshawar,126.91419600938967,127.11643535170002,381.1470667127897,True,Crop Burning,"Air pollution has increased in Peshawar, with PM2.5 reaching 480.25. The probable cause of this pollution spike is Crop Burning. Children, elderly people, and respiratory patients should avoid outdoor activities. People are advised to wear masks, keep windows closed, and limit unnecessary travel."
2024-04-11 18:00:00,5,6675.72,22.13,189.19,0.0,25.27,512.73,614.02,61.3,17.1485,86.344086,14.8485,0.0,976.29614,3.4623692,27.897186,0,Peshawar,126.91419600938967,127.11643535170002,381.1470667127897,True,Crop Burning,"Air pollution has increased in Peshawar, with PM2.5 reaching 512.73. The probable cause of this pollution spike is Crop Burning. Children, elderly people, and respiratory patients should avoid outdoor activities. People are advised to wear masks, keep windows closed, and limit unnecessary travel."
2024-04-11 19:00:00,5,7049.56,23.92,197.41,0.0,26.7,530.57,629.89,65.86,17.2485,84.70066,14.6485,0.0,976.405,1.26,360.0,0,Peshawar,126.91419600938967,127.11643535170002,381.1470667127897,True,Crop Burning,"Air pollution has increased in Peshawar, with PM2.5 reaching 530.57. The probable cause of this pollution spike is Crop Burning. Children, elderly people, and respiratory patients should avoid outdoor activities. People are advised to wear masks, keep windows closed, and limit unnecessary travel."
2024-04-11 20:00:00,5,7370.0,22.58,211.12,0.0,27.89,543.45,637.06,70.93,16.7985,87.14945,14.6485,0.0,976.444,3.3043609,240.64233,0,Peshawar,126.91419600938967,127.11643535170002,381.1470667127897,True,Crop Burning,"Air pollution has increased in Peshawar, with PM2.5 reaching 543.45. The probable cause of this pollution spike is Crop Burning. Children, elderly people, and respiratory patients should avoid outdoor activities. People are advised to wear masks, keep windows closed, and limit unnecessary travel."
2024-04-11 21:00:00,5,7690.43,18.33,222.09,0.01,29.09,549.69,636.78,76.0,17.0485,85.503075,14.5985,0.0,976.572,4.8965297,233.97253,0,Peshawar,126.91419600938967,127.11643535170002,381.1470667127897,True,Crop Burning,"Air pollution has increased in Peshawar, with PM2.5 reaching 549.69. The probable cause of this pollution spike is Crop Burning. Children, elderly people, and respiratory patients should avoid outdoor activities. People are advised to wear masks, keep windows closed, and limit unnecessary travel."
2024-04-11 22:00:00,5,7690.43,12.96,219.35,0.02,27.42,530.97,607.35,71.94,18.0485,79.24583,14.3985,0.0,976.5064,4.3536186,240.2552,0,Peshawar,126.91419600938967,127.11643535170002,381.1470667127897,True,Crop Burning,"Air pollution has increased in Peshawar, with PM2.5 reaching 530.97. The probable cause of this pollution spike is Crop Burning. Children, elderly people, and respiratory patients should avoid outdoor activities. People are advised to wear masks, keep windows closed, and limit unnecessary travel."
2024-04-11 23:00:00,5,7049.56,7.71,194.67,0.13,24.32,481.46,547.6,64.85,18.2985,76.760155,14.1485,0.0,976.6344,4.0249224,243.43501,0,Peshawar,126.91419600938967,127.11643535170002,381.1470667127897,True,Crop Burning,"Air pollution has increased in Peshawar, with PM2.5 reaching 481.46. The probable cause of this pollution spike is Crop Burning. Children, elderly people, and respiratory patients should avoid outdoor activities. People are advised to wear masks, keep windows closed, and limit unnecessary travel."
2024-05-11 00:00:00,5,6034.85,4.36,156.28,0.47,21.7,420.8,479.61,58.77,18.0485,76.22457,13.7985,0.0,976.7953,3.438895,276.0089,0,Peshawar,126.91419600938967,127.11643535170002,381.1470667127897,True,Crop Burning,"Air pollution has increased in Peshawar, with PM2.5 reaching 420.8. The probable cause of this pollution spike is Crop Burning. Children, elderly people, and respiratory patients should avoid outdoor activities. People are advised to wear masks, keep windows closed, and limit unnecessary travel."
2024-05-11 04:00:00,5,6729.13,76.89,132.98,6.88,31.47,394.91,468.28,79.04,21.9985,63.67883,14.7985,0.0,980.1788,2.36753,81.25392,230,Peshawar,126.91419600938967,127.11643535170002,381.1470667127897,True,Crop Burning,"Air pollution has increased in Peshawar, with PM2.5 reaching 394.91. The probable cause of this pollution spike is Crop Burning. Children, elderly people, and respiratory patients should avoid outdoor activities. People are advised to wear masks, keep windows closed, and limit unnecessary travel."
2024-05-11 05:00:00,5,7049.56,65.27,156.28,22.89,33.86,436.29,512.8,79.04,24.4485,53.000683,14.2485,0.0,980.38306,2.7534704,78.6901,376,Peshawar,126.91419600938967,127.11643535170002,381.1470667127897,True,Crop Burning,"Air pollution has increased in Peshawar, with PM2.5 reaching 436.29. The probable cause of this pollution spike is Crop Burning. Children, elderly people, and respiratory patients should avoid outdoor activities. People are advised to wear masks, keep windows closed, and limit unnecessary travel."
2024-05-11 06:00:00,5,6835.94,29.95,168.62,78.68,32.42,501.39,574.4,61.3,26.3485,46.882545,14.0985,0.0,980.32336,3.8856654,76.60749,480,Peshawar,126.91419600938967,127.11643535170002,381.1470667127897,True,Crop Burning,"Air pollution has increased in Peshawar, with PM2.5 reaching 501.39. The probable cause of this pollution spike is Crop Burning. Children, elderly people, and respiratory patients should avoid outdoor activities. People are advised to wear masks, keep windows closed, and limit unnecessary travel."
2024-05-11 14:00:00,5,4592.9,0.64,149.43,20.56,13.95,382.73,451.55,27.11,21.9485,73.74572,17.0485,0.0,978.6313,4.514377,336.5014,0,Peshawar,126.91419600938967,127.11643535170002,381.1470667127897,True,Mixed Sources,"Air pollution has increased in Peshawar, with PM2.5 reaching 382.73. The probable cause of this pollution spike is Mixed Sources. Children, elderly people, and respiratory patients should avoid outdoor activities. People are advised to wear masks, keep windows closed, and limit unnecessary travel."
2024-05-11 15:00:00,5,5447.39,6.71,167.25,1.45,16.93,442.83,522.13,32.42,21.1485,75.266,16.5985,0.0,978.9175,3.8939953,326.3099,0,Peshawar,126.91419600938967,127.11643535170002,381.1470667127897,True,Mixed Sources,"Air pollution has increased in Peshawar, with PM2.5 reaching 442.83. The probable cause of this pollution spike is Mixed Sources. Children, elderly people, and respiratory patients should avoid outdoor activities. People are advised to wear masks, keep windows closed, and limit unnecessary travel."
2024-05-11 16:00:00,5,6034.85,11.73,175.48,0.2,22.65,489.64,574.3,44.08,20.0985,77.780785,16.0985,0.0,979.26843,4.5,323.13,0,Peshawar,126.91419600938967,127.11643535170002,381.1470667127897,True,Mixed Sources,"Air pollution has increased in Peshawar, with PM2.5 reaching 489.64. The probable cause of this pollution spike is Mixed Sources. Children, elderly people, and respiratory patients should avoid outdoor activities. People are advised to wear masks, keep windows closed, and limit unnecessary travel."
2024-05-11 17:00:00,5,6462.1,13.19,186.44,0.1,28.37,524.2,613.51,56.74,20.1985,74.63071,15.5485,0.0,979.5697,2.9522195,322.43134,0,Peshawar,126.91419600938967,127.11643535170002,381.1470667127897,True,Crop Burning,"Air pollution has increased in Peshawar, with PM2.5 reaching 524.2. The probable cause of this pollution spike is Crop Burning. Children, elderly people, and respiratory patients should avoid outdoor activities. People are advised to wear masks, keep windows closed, and limit unnecessary travel."
2024-05-11 18:00:00,5,6782.53,14.31,194.67,0.06,31.47,548.33,636.94,63.84,21.5485,66.72952,15.0985,0.0,979.8341,0.9,323.13,0,Peshawar,126.91419600938967,127.11643535170002,381.1470667127897,True,Crop Burning,"Air pollution has increased in Peshawar, with PM2.5 reaching 548.33. The probable cause of this pollution spike is Crop Burning. Children, elderly people, and respiratory patients should avoid outdoor activities. People are advised to wear masks, keep windows closed, and limit unnecessary travel."
2024-05-11 19:00:00,5,6729.13,10.51,189.19,0.23,31.47,551.46,630.29,62.82,21.0985,68.59564,15.0985,0.0,979.6818,2.0991426,300.96368,0,Peshawar,126.91419600938967,127.11643535170002,381.1470667127897,True,Crop Burning,"Air pollution has increased in Peshawar, with PM2.5 reaching 551.46. The probable cause of this pollution spike is Crop Burning. Children, elderly people, and respiratory patients should avoid outdoor activities. People are advised to wear masks, keep windows closed, and limit unnecessary travel."
2024-05-11 20:00:00,5,6301.88,3.27,171.36,1.94,29.09,533.56,601.45,58.77,20.7485,70.31321,15.1485,0.0,979.34937,3.8773184,248.19853,0,Peshawar,126.91419600938967,127.11643535170002,381.1470667127897,True,Crop Burning,"Air pollution has increased in Peshawar, with PM2.5 reaching 533.56. The probable cause of this pollution spike is Crop Burning. Children, elderly people, and respiratory patients should avoid outdoor activities. People are advised to wear masks, keep windows closed, and limit unnecessary travel."
2024-05-11 21:00:00,5,5607.6,0.24,137.09,9.57,26.23,507.5,567.83,54.72,20.1985,72.73976,15.1485,0.0,978.9919,4.8965297,233.97253,0,Peshawar,126.91419600938967,127.11643535170002,381.1470667127897,True,Crop Burning,"Air pollution has increased in Peshawar, with PM2.5 reaching 507.5. The probable cause of this pollution spike is Crop Burning. Children, elderly people, and respiratory patients should avoid outdoor activities. People are advised to wear masks, keep windows closed, and limit unnecessary travel."
2024-05-11 22:00:00,5,4753.11,0.01,97.33,19.13,21.7,460.62,515.36,47.12,19.4985,75.72149,15.0985,0.0,978.6152,3.189608,286.38962,0,Peshawar,126.91419600938967,127.11643535170002,381.1470667127897,True,Mixed Sources,"Air pollution has increased in Peshawar, with PM2.5 reaching 460.62. The probable cause of this pollution spike is Mixed Sources. Children, elderly people, and respiratory patients should avoid outdoor activities. People are advised to wear masks, keep windows closed, and limit unnecessary travel."
2024-05-11 23:00:00,5,3898.62,0.0,67.86,27.18,17.17,403.7,455.54,40.02,18.9485,78.360085,15.0985,0.0,978.25714,2.1068459,340.0168,0,Peshawar,126.91419600938967,127.11643535170002,381.1470667127897,True,Mixed Sources,"Air pollution has increased in Peshawar, with PM2.5 reaching 403.7. The probable cause of this pollution spike is Mixed Sources. Children, elderly people, and respiratory patients should avoid outdoor activities. People are advised to wear masks, keep windows closed, and limit unnecessary travel."
2024-05-12 15:00:00,5,7797.24,9.05,274.18,1.04,46.73,390.6,476.29,90.18,13.5985,53.201046,4.2485,0.0,976.1275,0.8049845,296.56497,0,Peshawar,126.91419600938967,127.11643535170002,381.1470667127897,True,Crop Burning,"Air pollution has increased in Peshawar, with PM2.5 reaching 390.6. The probable cause of this pollution spike is Crop Burning. Children, elderly people, and respiratory patients should avoid outdoor activities. People are advised to wear masks, keep windows closed, and limit unnecessary travel."
2024-05-12 16:00:00,5,7797.24,7.82,268.7,1.21,48.64,413.08,505.29,102.34,12.8985,51.72101,3.1985002,0.0,976.5168,0.35999998,270.0,0,Peshawar,126.91419600938967,127.11643535170002,381.1470667127897,True,Crop Burning,"Air pollution has increased in Peshawar, with PM2.5 reaching 413.08. The probable cause of this pollution spike is Crop Burning. Children, elderly people, and respiratory patients should avoid outdoor activities. People are advised to wear masks, keep windows closed, and limit unnecessary travel."
2024-05-12 17:00:00,5,7690.43,8.38,260.47,0.82,49.11,421.3,518.05,112.47,11.8985,52.745163,2.5485,0.0,976.76996,0.25455844,315.0001,0,Peshawar,126.91419600938967,127.11643535170002,381.1470667127897,True,Crop Burning,"Air pollution has increased in Peshawar, with PM2.5 reaching 421.3. The probable cause of this pollution spike is Crop Burning. Children, elderly people, and respiratory patients should avoid outdoor activities. People are advised to wear masks, keep windows closed, and limit unnecessary travel."
2024-05-12 18:00:00,5,7476.81,13.41,246.76,0.19,47.21,414.03,509.97,114.5,10.3485,57.22102,2.2485,0.0,976.6606,1.0948973,279.46225,0,Peshawar,126.91419600938967,127.11643535170002,381.1470667127897,True,Crop Burning,"Air pollution has increased in Peshawar, with PM2.5 reaching 414.03. The probable cause of this pollution spike is Crop Burning. Children, elderly people, and respiratory patients should avoid outdoor activities. People are advised to wear masks, keep windows closed, and limit unnecessary travel."
2024-06-11 05:00:00,5,5928.04,61.69,116.53,18.95,21.22,392.35,471.2,53.2,25.9985,51.382168,15.1985,0.0,980.4741,0.742159,104.03627,371,Peshawar,126.91419600938967,127.11643535170002,381.1470667127897,True,Crop Burning,"Air pollution has increased in Peshawar, with PM2.5 reaching 392.35. The probable cause of this pollution spike is Crop Burning. Children, elderly people, and respiratory patients should avoid outdoor activities. People are advised to wear masks, keep windows closed, and limit unnecessary travel."
2024-06-11 06:00:00,5,6088.26,37.1,134.35,51.5,17.88,454.26,537.64,39.52,27.8485,46.385002,15.2985,0.0,979.92444,1.835647,101.3099,483,Peshawar,126.91419600938967,127.11643535170002,381.1470667127897,True,Mixed Sources,"Air pollution has increased in Peshawar, with PM2.5 reaching 454.26. The probable cause of this pollution spike is Mixed Sources. Children, elderly people, and respiratory patients should avoid outdoor activities. People are advised to wear masks, keep windows closed, and limit unnecessary travel."
2024-06-11 15:00:00,5,4699.71,0.07,131.61,29.33,10.73,430.54,498.67,21.53,21.3985,76.50913,17.0985,0.0,976.9259,5.6060677,354.47253,0,Peshawar,126.91419600938967,127.11643535170002,381.1470667127897,True,Mixed Sources,"Air pollution has increased in Peshawar, with PM2.5 reaching 430.54. The probable cause of this pollution spike is Mixed Sources. Children, elderly people, and respiratory patients should avoid outdoor activities. People are advised to wear masks, keep windows closed, and limit unnecessary travel."
2024-06-11 16:00:00,5,5233.76,1.37,143.95,8.49,13.47,470.7,548.26,27.61,20.7485,78.87189,16.9485,0.0,977.3267,7.6409945,344.9816,0,Peshawar,126.91419600938967,127.11643535170002,381.1470667127897,True,Mixed Sources,"Air pollution has increased in Peshawar, with PM2.5 reaching 470.7. The probable cause of this pollution spike is Mixed Sources. Children, elderly people, and respiratory patients should avoid outdoor activities. People are advised to wear masks, keep windows closed, and limit unnecessary travel."
2024-06-11 17:00:00,5,5661.01,7.49,150.8,0.64,18.12,503.43,590.07,40.02,19.7985,82.06274,16.6485,0.0,977.4009,6.5024605,355.23645,0,Peshawar,126.91419600938967,127.11643535170002,381.1470667127897,True,Mixed Sources,"Air pollution has increased in Peshawar, with PM2.5 reaching 503.43. The probable cause of this pollution spike is Mixed Sources. Children, elderly people, and respiratory patients should avoid outdoor activities. People are advised to wear masks, keep windows closed, and limit unnecessary travel."
2024-06-11 18:00:00,5,6088.26,13.41,159.03,0.05,21.46,530.0,621.99,49.65,18.6485,87.597244,16.5485,0.0,977.35254,4.5,16.26028,0,Peshawar,126.91419600938967,127.11643535170002,381.1470667127897,True,Mixed Sources,"Air pollution has increased in Peshawar, with PM2.5 reaching 530.0. The probable cause of this pollution spike is Mixed Sources. Children, elderly people, and respiratory patients should avoid outdoor activities. People are advised to wear masks, keep windows closed, and limit unnecessary travel."
2024-06-11 19:00:00,5,6462.1,13.52,168.62,0.05,23.37,552.67,639.77,54.21,19.4985,82.2869,16.3985,0.0,977.17065,2.0364676,44.999897,0,Peshawar,126.91419600938967,127.11643535170002,381.1470667127897,True,Crop Burning,"Air pollution has increased in Peshawar, with PM2.5 reaching 552.67. The probable cause of this pollution spike is Crop Burning. Children, elderly people, and respiratory patients should avoid outdoor activities. People are advised to wear masks, keep windows closed, and limit unnecessary travel."
2024-06-11 20:00:00,5,6675.72,9.39,172.73,0.13,24.08,569.13,648.43,56.74,19.5485,82.29306,16.4485,0.0,976.7916,1.9469976,303.6901,0,Peshawar,126.91419600938967,127.11643535170002,381.1470667127897,True,Crop Burning,"Air pollution has increased in Peshawar, with PM2.5 reaching 569.13. The probable cause of this pollution spike is Crop Burning. Children, elderly people, and respiratory patients should avoid outdoor activities. People are advised to wear masks, keep windows closed, and limit unnecessary travel."
2024-06-11 21:00:00,5,6675.72,5.09,168.62,0.4,24.32,579.62,653.33,58.77,19.8485,80.5187,16.3985,0.0,976.5403,3.189608,286.38962,0,Peshawar,126.91419600938967,127.11643535170002,381.1470667127897,True,Crop Burning,"Air pollution has increased in Peshawar, with PM2.5 reaching 579.62. The probable cause of this pollution spike is Crop Burning. Children, elderly people, and respiratory patients should avoid outdoor activities. People are advised to wear masks, keep windows closed, and limit unnecessary travel."
2024-06-11 22:00:00,5,6462.1,2.26,154.91,1.29,22.89,573.53,641.65,56.74,19.8485,80.00772,16.2985,0.0,976.25134,3.143565,293.6294,0,Peshawar,126.91419600938967,127.11643535170002,381.1470667127897,True,Crop Burning,"Air pollution has increased in Peshawar, with PM2.5 reaching 573.53. The probable cause of this pollution spike is Crop Burning. Children, elderly people, and respiratory patients should avoid outdoor activities. People are advised to wear masks, keep windows closed, and limit unnecessary travel."
2024-06-11 23:00:00,5,5874.63,0.64,130.24,4.16,20.5,543.07,605.49,51.68,19.4485,80.98027,16.0985,0.0,976.10516,2.8116899,309.8055,0,Peshawar,126.91419600938967,127.11643535170002,381.1470667127897,True,Crop Burning,"Air pollution has increased in Peshawar, with PM2.5 reaching 543.07. The probable cause of this pollution spike is Crop Burning. Children, elderly people, and respiratory patients should avoid outdoor activities. People are advised to wear masks, keep windows closed, and limit unnecessary travel."
2024-06-12 16:00:00,5,7476.81,13.97,268.7,0.31,45.3,383.45,474.84,101.33,11.2985,62.96074,4.4985,0.0,974.9592,0.8049845,296.56497,0,Peshawar,126.91419600938967,127.11643535170002,381.1470667127897,True,Crop Burning,"Air pollution has increased in Peshawar, with PM2.5 reaching 383.45. The probable cause of this pollution spike is Crop Burning. Children, elderly people, and respiratory patients should avoid outdoor activities. People are advised to wear masks, keep windows closed, and limit unnecessary travel."
2024-06-12 17:00:00,5,7690.43,18.1,265.96,0.1,46.25,402.01,501.78,111.46,10.1485,65.16762,3.8985,0.0,974.80634,2.3400002,292.6199,0,Peshawar,126.91419600938967,127.11643535170002,381.1470667127897,True,Crop Burning,"Air pollution has increased in Peshawar, with PM2.5 reaching 402.01. The probable cause of this pollution spike is Crop Burning. Children, elderly people, and respiratory patients should avoid outdoor activities. People are advised to wear masks, keep windows closed, and limit unnecessary travel."
2024-06-12 18:00:00,5,7690.43,25.93,257.73,0.02,46.25,396.1,494.7,116.53,9.2985,66.838806,3.4485002,0.0,974.7886,1.1525624,321.34018,0,Peshawar,126.91419600938967,127.11643535170002,381.1470667127897,True,Crop Burning,"Air pollution has increased in Peshawar, with PM2.5 reaching 396.1. The probable cause of this pollution spike is Crop Burning. Children, elderly people, and respiratory patients should avoid outdoor activities. People are advised to wear masks, keep windows closed, and limit unnecessary travel."
2024-07-11 00:00:00,5,5073.55,0.25,101.45,7.87,17.88,491.49,550.07,46.1,18.7485,83.78614,15.9485,0.0,976.20966,2.0523157,344.7448,0,Peshawar,126.91419600938967,127.11643535170002,381.1470667127897,True,Mixed Sources,"Air pollution has increased in Peshawar, with PM2.5 reaching 491.49. The probable cause of this pollution spike is Mixed Sources. Children, elderly people, and respiratory patients should avoid outdoor activities. People are advised to wear masks, keep windows closed, and limit unnecessary travel."
2024-07-11 01:00:00,5,4539.49,0.73,85.0,6.17,16.21,450.9,508.79,44.08,16.6485,95.945435,15.998501,0.0,977.0988,1.9386592,21.801476,0,Peshawar,126.91419600938967,127.11643535170002,381.1470667127897,True,Mixed Sources,"Air pollution has increased in Peshawar, with PM2.5 reaching 450.9. The probable cause of this pollution spike is Mixed Sources. Children, elderly people, and respiratory patients should avoid outdoor activities. People are advised to wear masks, keep windows closed, and limit unnecessary travel."
2024-07-11 02:00:00,5,4646.3,10.28,89.11,0.51,18.6,438.96,502.79,51.17,16.5485,97.17515,16.0985,0.0,977.6634,0.56920993,18.435053,3,Peshawar,126.91419600938967,127.11643535170002,381.1470667127897,True,Mixed Sources,"Air pollution has increased in Peshawar, with PM2.5 reaching 438.96. The probable cause of this pollution spike is Mixed Sources. Children, elderly people, and respiratory patients should avoid outdoor activities. People are advised to wear masks, keep windows closed, and limit unnecessary travel."
2024-07-11 03:00:00,5,5447.39,40.23,102.82,0.92,22.89,445.17,517.73,62.32,18.7485,86.77492,16.4985,0.0,978.617,0.40249225,26.564985,74,Peshawar,126.91419600938967,127.11643535170002,381.1470667127897,True,Crop Burning,"Air pollution has increased in Peshawar, with PM2.5 reaching 445.17. The probable cause of this pollution spike is Crop Burning. Children, elderly people, and respiratory patients should avoid outdoor activities. People are advised to wear masks, keep windows closed, and limit unnecessary travel."
2024-07-11 04:00:00,5,6301.88,67.06,117.9,5.23,26.94,470.89,552.53,70.93,21.8985,71.66131,16.5485,0.0,979.2994,1.1384199,71.564964,213,Peshawar,126.91419600938967,127.11643535170002,381.1470667127897,True,Crop Burning,"Air pollution has increased in Peshawar, with PM2.5 reaching 470.89. The probable cause of this pollution spike is Crop Burning. Children, elderly people, and respiratory patients should avoid outdoor activities. People are advised to wear masks, keep windows closed, and limit unnecessary travel."
2024-07-11 05:00:00,5,6782.53,57.22,143.95,18.6,28.85,531.56,621.0,71.94,24.4485,58.183823,15.6985,0.0,979.6121,1.6299692,96.340096,360,Peshawar,126.91419600938967,127.11643535170002,381.1470667127897,True,Crop Burning,"Air pollution has increased in Peshawar, with PM2.5 reaching 531.56. The probable cause of this pollution spike is Crop Burning. Children, elderly people, and respiratory patients should avoid outdoor activities. People are advised to wear masks, keep windows closed, and limit unnecessary travel."
2024-07-11 06:00:00,5,6835.94,27.94,157.65,62.23,25.03,611.58,704.97,56.74,26.1485,53.09414,15.848499,0.0,979.143,3.438895,83.99109,473,Peshawar,126.91419600938967,127.11643535170002,381.1470667127897,True,Crop Burning,"Air pollution has increased in Peshawar, with PM2.5 reaching 611.58. The probable cause of this pollution spike is Crop Burning. Children, elderly people, and respiratory patients should avoid outdoor activities. People are advised to wear masks, keep windows closed, and limit unnecessary travel."
2024-07-11 14:00:00,5,4058.84,0.76,126.12,20.74,10.25,381.48,447.87,21.79,21.5485,82.02074,18.3485,0.0,977.3296,4.991553,334.35904,0,Peshawar,126.91419600938967,127.11643535170002,381.1470667127897,True,Mixed Sources,"Air pollution has increased in Peshawar, with PM2.5 reaching 381.48. The probable cause of this pollution spike is Mixed Sources. Children, elderly people, and respiratory patients should avoid outdoor activities. People are advised to wear masks, keep windows closed, and limit unnecessary travel."
2024-07-11 15:00:00,5,4592.9,6.48,139.83,1.48,10.85,407.6,482.14,21.28,21.0485,82.47601,17.9485,0.0,977.7492,4.0449967,327.72437,0,Peshawar,126.91419600938967,127.11643535170002,381.1470667127897,True,Mixed Sources,"Air pollution has increased in Peshawar, with PM2.5 reaching 407.6. The probable cause of this pollution spike is Mixed Sources. Children, elderly people, and respiratory patients should avoid outdoor activities. People are advised to wear masks, keep windows closed, and limit unnecessary travel."
2024-07-11 16:00:00,5,4966.74,10.62,142.57,0.34,14.54,432.07,514.06,30.15,20.6985,82.43357,17.5985,0.0,978.09106,4.186693,334.53668,0,Peshawar,126.91419600938967,127.11643535170002,381.1470667127897,True,Mixed Sources,"Air pollution has increased in Peshawar, with PM2.5 reaching 432.07. The probable cause of this pollution spike is Mixed Sources. Children, elderly people, and respiratory patients should avoid outdoor activities. People are advised to wear masks, keep windows closed, and limit unnecessary travel."
2024-07-11 17:00:00,5,5287.17,14.98,149.43,0.08,19.79,454.82,543.34,44.58,20.0985,83.67392,17.2485,0.0,978.0164,5.1197267,10.124612,0,Peshawar,126.91419600938967,127.11643535170002,381.1470667127897,True,Mixed Sources,"Air pollution has increased in Peshawar, with PM2.5 reaching 454.82. The probable cause of this pollution spike is Mixed Sources. Children, elderly people, and respiratory patients should avoid outdoor activities. People are advised to wear masks, keep windows closed, and limit unnecessary travel."
2024-07-11 18:00:00,5,5447.39,19.22,150.8,0.02,22.89,467.87,557.32,53.7,19.3985,87.11122,17.1985,0.0,978.02466,3.710795,22.833694,0,Peshawar,126.91419600938967,127.11643535170002,381.1470667127897,True,Crop Burning,"Air pollution has increased in Peshawar, with PM2.5 reaching 467.87. The probable cause of this pollution spike is Crop Burning. Children, elderly people, and respiratory patients should avoid outdoor activities. People are advised to wear masks, keep windows closed, and limit unnecessary travel."
2024-07-11 19:00:00,5,5393.98,16.54,145.32,0.06,23.37,473.18,555.41,55.73,18.9485,89.30505,17.1485,0.0,977.9682,2.1897945,350.53775,0,Peshawar,126.91419600938967,127.11643535170002,381.1470667127897,True,Mixed Sources,"Air pollution has increased in Peshawar, with PM2.5 reaching 473.18. The probable cause of this pollution spike is Mixed Sources. Children, elderly people, and respiratory patients should avoid outdoor activities. People are advised to wear masks, keep windows closed, and limit unnecessary travel."
2024-07-11 20:00:00,5,5180.36,8.49,135.72,0.39,22.65,477.34,550.95,54.72,19.6485,85.497635,17.1485,0.0,977.4784,1.9881649,354.80566,0,Peshawar,126.91419600938967,127.11643535170002,381.1470667127897,True,Mixed Sources,"Air pollution has increased in Peshawar, with PM2.5 reaching 477.34. The probable cause of this pollution spike is Mixed Sources. Children, elderly people, and respiratory patients should avoid outdoor activities. People are advised to wear masks, keep windows closed, and limit unnecessary travel."
2024-07-11 21:00:00,5,4913.33,2.18,120.64,2.5,21.22,480.08,547.64,53.2,19.3485,89.054565,17.4985,0.0,977.3444,6.0077944,188.61557,0,Peshawar,126.91419600938967,127.11643535170002,381.1470667127897,True,Mixed Sources,"Air pollution has increased in Peshawar, with PM2.5 reaching 480.08. The probable cause of this pollution spike is Mixed Sources. Children, elderly people, and respiratory patients should avoid outdoor activities. People are advised to wear masks, keep windows closed, and limit unnecessary travel."
2024-07-11 22:00:00,5,4486.08,0.28,97.33,7.33,17.88,466.83,528.34,46.1,19.2985,90.75121,17.7485,0.0,976.85675,7.4346757,186.95287,0,Peshawar,126.91419600938967,127.11643535170002,381.1470667127897,True,Mixed Sources,"Air pollution has increased in Peshawar, with PM2.5 reaching 466.83. The probable cause of this pollution spike is Mixed Sources. Children, elderly people, and respiratory patients should avoid outdoor activities. People are advised to wear masks, keep windows closed, and limit unnecessary travel."
2024-07-11 23:00:00,5,4005.43,0.06,76.09,12.16,14.66,446.5,504.75,39.01,19.4985,89.06638,17.6485,0.0,976.78546,6.9480934,196.55714,0,Peshawar,126.91419600938967,127.11643535170002,381.1470667127897,True,Mixed Sources,"Air pollution has increased in Peshawar, with PM2.5 reaching 446.5. The probable cause of this pollution spike is Mixed Sources. Children, elderly people, and respiratory patients should avoid outdoor activities. People are advised to wear masks, keep windows closed, and limit unnecessary travel."
2024-07-12 12:00:00,5,5393.98,0.31,127.49,117.3,14.19,393.19,457.22,24.57,12.8485,61.37798,5.5985003,0.0,972.5653,4.353619,7.12493,47,Peshawar,126.91419600938967,127.11643535170002,381.1470667127897,True,Mixed Sources,"Air pollution has increased in Peshawar, with PM2.5 reaching 393.19. The probable cause of this pollution spike is Mixed Sources. Children, elderly people, and respiratory patients should avoid outdoor activities. People are advised to wear masks, keep windows closed, and limit unnecessary travel."
2024-07-12 13:00:00,5,5821.23,0.0,145.32,76.53,12.16,444.15,513.88,25.84,12.5485,66.15193,6.3985,0.0,974.0655,1.781909,315.0001,0,Peshawar,126.91419600938967,127.11643535170002,381.1470667127897,True,Mixed Sources,"Air pollution has increased in Peshawar, with PM2.5 reaching 444.15. The probable cause of this pollution spike is Mixed Sources. Children, elderly people, and respiratory patients should avoid outdoor activities. People are advised to wear masks, keep windows closed, and limit unnecessary travel."
2024-07-12 14:00:00,5,6408.69,0.02,174.11,40.41,13.11,500.07,577.73,31.41,11.9985,65.8046,5.7985,0.0,974.1856,1.4399999,270.0,0,Peshawar,126.91419600938967,127.11643535170002,381.1470667127897,True,Mixed Sources,"Air pollution has increased in Peshawar, with PM2.5 reaching 500.07. The probable cause of this pollution spike is Mixed Sources. Children, elderly people, and respiratory patients should avoid outdoor activities. People are advised to wear masks, keep windows closed, and limit unnecessary travel."
2024-07-12 15:00:00,5,7370.0,1.36,213.86,10.37,16.45,542.64,627.4,40.53,11.3485,65.43411,5.0985003,0.0,974.58093,1.26,270.0,0,Peshawar,126.91419600938967,127.11643535170002,381.1470667127897,True,Mixed Sources,"Air pollution has increased in Peshawar, with PM2.5 reaching 542.64. The probable cause of this pollution spike is Mixed Sources. Children, elderly people, and respiratory patients should avoid outdoor activities. People are advised to wear masks, keep windows closed, and limit unnecessary travel."
2024-07-12 16:00:00,5,8117.68,4.97,238.54,1.61,22.89,566.01,652.86,54.21,11.1985,63.601086,4.5485,0.0,974.65735,0.9,270.0,0,Peshawar,126.91419600938967,127.11643535170002,381.1470667127897,True,Crop Burning,"Air pollution has increased in Peshawar, with PM2.5 reaching 566.01. The probable cause of this pollution spike is Crop Burning. Children, elderly people, and respiratory patients should avoid outdoor activities. People are advised to wear masks, keep windows closed, and limit unnecessary travel."
2024-07-12 17:00:00,5,8544.92,6.93,249.51,0.73,28.61,576.9,664.91,67.89,10.8485,63.076893,4.0985003,0.0,974.80334,1.3104197,285.94547,0,Peshawar,126.91419600938967,127.11643535170002,381.1470667127897,True,Crop Burning,"Air pollution has increased in Peshawar, with PM2.5 reaching 576.9. The probable cause of this pollution spike is Crop Burning. Children, elderly people, and respiratory patients should avoid outdoor activities. People are advised to wear masks, keep windows closed, and limit unnecessary travel."
2024-07-12 18:00:00,5,8758.54,7.82,252.25,0.49,32.42,575.04,660.61,77.01,9.9985,65.8245,3.8985,0.0,974.6901,2.0523157,307.87503,0,Peshawar,126.91419600938967,127.11643535170002,381.1470667127897,True,Crop Burning,"Air pollution has increased in Peshawar, with PM2.5 reaching 575.04. The probable cause of this pollution spike is Crop Burning. Children, elderly people, and respiratory patients should avoid outdoor activities. People are advised to wear masks, keep windows closed, and limit unnecessary travel."
2024-07-12 19:00:00,5,8331.3,5.31,244.02,0.94,33.38,549.55,628.83,80.05,9.5985,66.200966,3.5985,0.0,974.3481,1.2727921,278.13,0,Peshawar,126.91419600938967,127.11643535170002,381.1470667127897,True,Crop Burning,"Air pollution has increased in Peshawar, with PM2.5 reaching 549.55. The probable cause of this pollution spike is Crop Burning. Children, elderly people, and respiratory patients should avoid outdoor activities. People are advised to wear masks, keep windows closed, and limit unnecessary travel."
2024-07-12 20:00:00,5,8117.68,2.85,235.8,1.17,32.42,549.0,627.82,84.1,8.7485,69.11964,3.3985,0.0,974.3302,0.17999999,360.0,0,Peshawar,126.91419600938967,127.11643535170002,381.1470667127897,True,Crop Burning,"Air pollution has increased in Peshawar, with PM2.5 reaching 549.0. The probable cause of this pollution spike is Crop Burning. Children, elderly people, and respiratory patients should avoid outdoor activities. People are advised to wear masks, keep windows closed, and limit unnecessary travel."
2024-07-12 21:00:00,5,7583.62,1.15,211.12,2.28,29.09,569.93,656.43,82.08,7.5485,77.4002,3.8485003,0.0,974.16785,1.4512063,29.744795,0,Peshawar,126.91419600938967,127.11643535170002,381.1470667127897,True,Crop Burning,"Air pollution has increased in Peshawar, with PM2.5 reaching 569.93. The probable cause of this pollution spike is Crop Burning. Children, elderly people, and respiratory patients should avoid outdoor activities. People are advised to wear masks, keep windows closed, and limit unnecessary travel."
2024-07-12 22:00:00,5,6622.31,0.24,168.62,5.23,13.11,557.01,641.76,30.4,6.7485,83.20338,4.0985003,0.0,974.05865,1.7076298,18.435053,0,Peshawar,126.91419600938967,127.11643535170002,381.1470667127897,True,Mixed Sources,"Air pollution has increased in Peshawar, with PM2.5 reaching 557.01. The probable cause of this pollution spike is Mixed Sources. Children, elderly people, and respiratory patients should avoid outdoor activities. People are advised to wear masks, keep windows closed, and limit unnecessary travel."
2024-07-12 23:00:00,5,6301.88,0.17,145.32,6.35,6.14,548.73,625.22,11.53,5.9485,89.15732,4.2985,0.0,973.9493,5.6521144,350.8377,0,Peshawar,126.91419600938967,127.11643535170002,381.1470667127897,True,Mixed Sources,"Air pollution has increased in Peshawar, with PM2.5 reaching 548.73. The probable cause of this pollution spike is Mixed Sources. Children, elderly people, and respiratory patients should avoid outdoor activities. People are advised to wear masks, keep windows closed, and limit unnecessary travel."
2024-08-11 00:00:00,5,3631.59,0.06,61.69,14.48,12.64,423.45,480.54,34.45,19.3485,88.21509,17.3485,0.0,976.9592,6.162207,186.70975,0,Peshawar,126.91419600938967,127.11643535170002,381.1470667127897,True,Mixed Sources,"Air pollution has increased in Peshawar, with PM2.5 reaching 423.45. The probable cause of this pollution spike is Mixed Sources. Children, elderly people, and respiratory patients should avoid outdoor activities. People are advised to wear masks, keep windows closed, and limit unnecessary travel."
2024-08-11 01:00:00,5,3471.37,0.34,60.32,10.64,12.76,413.78,472.5,35.46,17.7485,96.58811,17.1985,0.0,977.5276,2.4149535,26.564985,0,Peshawar,126.91419600938967,127.11643535170002,381.1470667127897,True,Mixed Sources,"Air pollution has increased in Peshawar, with PM2.5 reaching 413.78. The probable cause of this pollution spike is Mixed Sources. Children, elderly people, and respiratory patients should avoid outdoor activities. People are advised to wear masks, keep windows closed, and limit unnecessary travel."
2024-08-11 02:00:00,5,3898.62,9.72,74.71,0.94,15.97,422.58,488.28,45.09,17.7485,97.81676,17.3985,0.0,978.29785,2.0991426,30.963696,2,Peshawar,126.91419600938967,127.11643535170002,381.1470667127897,True,Mixed Sources,"Air pollution has increased in Peshawar, with PM2.5 reaching 422.58. The probable cause of this pollution spike is Mixed Sources. Children, elderly people, and respiratory patients should avoid outdoor activities. People are advised to wear masks, keep windows closed, and limit unnecessary travel."
2024-08-11 03:00:00,5,4913.33,43.36,90.48,0.45,20.98,441.58,517.06,57.25,19.6485,90.77474,18.0985,0.0,979.1156,0.6489992,33.6901,71,Peshawar,126.91419600938967,127.11643535170002,381.1470667127897,True,Mixed Sources,"Air pollution has increased in Peshawar, with PM2.5 reaching 441.58. The probable cause of this pollution spike is Mixed Sources. Children, elderly people, and respiratory patients should avoid outdoor activities. People are advised to wear masks, keep windows closed, and limit unnecessary travel."
2024-08-11 04:00:00,5,5714.42,73.31,102.82,2.91,25.27,458.8,541.74,65.86,22.2485,76.64138,17.9485,0.0,979.8244,1.8,180.0,206,Peshawar,126.91419600938967,127.11643535170002,381.1470667127897,True,Crop Burning,"Air pollution has increased in Peshawar, with PM2.5 reaching 458.8. The probable cause of this pollution spike is Crop Burning. Children, elderly people, and respiratory patients should avoid outdoor activities. People are advised to wear masks, keep windows closed, and limit unnecessary travel."
2024-08-11 05:00:00,5,5821.23,67.06,116.53,9.3,25.99,473.58,559.54,64.34,24.7485,64.07448,17.4985,0.0,979.6486,2.34,180.0,351,Peshawar,126.91419600938967,127.11643535170002,381.1470667127897,True,Crop Burning,"Air pollution has increased in Peshawar, with PM2.5 reaching 473.58. The probable cause of this pollution spike is Crop Burning. Children, elderly people, and respiratory patients should avoid outdoor activities. People are advised to wear masks, keep windows closed, and limit unnecessary travel."
2024-08-11 06:00:00,5,5287.17,33.08,126.12,35.05,23.13,478.76,559.6,48.64,26.5985,55.804234,17.0485,0.0,979.1007,1.2074767,153.43501,459,Peshawar,126.91419600938967,127.11643535170002,381.1470667127897,True,Mixed Sources,"Air pollution has increased in Peshawar, with PM2.5 reaching 478.76. The probable cause of this pollution spike is Mixed Sources. Children, elderly people, and respiratory patients should avoid outdoor activities. People are advised to wear masks, keep windows closed, and limit unnecessary travel."
2024-08-11 17:00:00,5,5874.63,46.49,160.4,0.0,21.93,403.0,499.93,55.22,19.7485,76.73956,15.5485,0.0,977.6836,5.297018,350.21765,0,Peshawar,126.91419600938967,127.11643535170002,381.1470667127897,True,Crop Burning,"Air pollution has increased in Peshawar, with PM2.5 reaching 403.0. The probable cause of this pollution spike is Crop Burning. Children, elderly people, and respiratory patients should avoid outdoor activities. People are advised to wear masks, keep windows closed, and limit unnecessary travel."
2024-08-11 18:00:00,5,6301.88,53.64,168.62,0.0,25.51,428.94,530.06,66.88,19.2985,78.91554,15.5485,0.0,977.72345,4.896529,17.102825,0,Peshawar,126.91419600938967,127.11643535170002,381.1470667127897,True,Crop Burning,"Air pollution has increased in Peshawar, with PM2.5 reaching 428.94. The probable cause of this pollution spike is Crop Burning. Children, elderly people, and respiratory patients should avoid outdoor activities. People are advised to wear masks, keep windows closed, and limit unnecessary travel."
2024-08-11 19:00:00,5,6408.69,52.75,172.73,0.0,26.94,437.89,535.29,70.93,19.7485,77.480064,15.6985,0.0,977.49097,2.8460495,34.69522,0,Peshawar,126.91419600938967,127.11643535170002,381.1470667127897,True,Crop Burning,"Air pollution has increased in Peshawar, with PM2.5 reaching 437.89. The probable cause of this pollution spike is Crop Burning. Children, elderly people, and respiratory patients should avoid outdoor activities. People are advised to wear masks, keep windows closed, and limit unnecessary travel."
2024-08-11 20:00:00,5,6088.26,40.68,167.25,0.0,25.99,434.26,521.42,69.92,19.7485,80.24934,16.2485,0.0,977.29834,4.143911,145.6196,0,Peshawar,126.91419600938967,127.11643535170002,381.1470667127897,True,Crop Burning,"Air pollution has increased in Peshawar, with PM2.5 reaching 434.26. The probable cause of this pollution spike is Crop Burning. Children, elderly people, and respiratory patients should avoid outdoor activities. People are advised to wear masks, keep windows closed, and limit unnecessary travel."
2024-08-11 21:00:00,5,5500.79,24.14,150.8,0.01,23.6,422.27,499.42,65.86,18.8985,85.14905,16.3485,0.0,977.09515,7.342588,191.30989,0,Peshawar,126.91419600938967,127.11643535170002,381.1470667127897,True,Crop Burning,"Air pollution has increased in Peshawar, with PM2.5 reaching 422.27. The probable cause of this pollution spike is Crop Burning. Children, elderly people, and respiratory patients should avoid outdoor activities. People are advised to wear masks, keep windows closed, and limit unnecessary travel."
2024-08-11 22:00:00,5,4806.52,10.62,127.49,0.16,19.31,401.51,469.11,55.22,18.6985,83.2467,15.7985,0.0,976.7813,7.889259,207.1496,0,Peshawar,126.91419600938967,127.11643535170002,381.1470667127897,True,Mixed Sources,"Air pollution has increased in Peshawar, with PM2.5 reaching 401.51. The probable cause of this pollution spike is Mixed Sources. Children, elderly people, and respiratory patients should avoid outdoor activities. People are advised to wear masks, keep windows closed, and limit unnecessary travel."
2024-08-12 00:00:00,5,6248.47,0.13,126.12,8.76,4.59,531.71,598.94,9.75,5.9985,85.48589,3.7485,0.0,974.725,4.1046314,232.12495,0,Peshawar,126.91419600938967,127.11643535170002,381.1470667127897,True,Mixed Sources,"Air pollution has increased in Peshawar, with PM2.5 reaching 531.71. The probable cause of this pollution spike is Mixed Sources. Children, elderly people, and respiratory patients should avoid outdoor activities. People are advised to wear masks, keep windows closed, and limit unnecessary travel."
2024-08-12 01:00:00,5,5500.79,0.16,100.08,11.8,4.05,452.35,507.88,9.5,5.9985,84.88653,3.6485,0.0,975.59015,5.0816135,247.06787,0,Peshawar,126.91419600938967,127.11643535170002,381.1470667127897,True,Mixed Sources,"Air pollution has increased in Peshawar, with PM2.5 reaching 452.35. The probable cause of this pollution spike is Mixed Sources. Children, elderly people, and respiratory patients should avoid outdoor activities. People are advised to wear masks, keep windows closed, and limit unnecessary travel."
2024-09-11 16:00:00,5,4753.11,10.84,124.75,0.13,9.06,381.69,460.94,23.31,20.5485,78.593414,16.6985,0.0,978.0722,8.281956,1.2453395,0,Peshawar,126.91419600938967,127.11643535170002,381.1470667127897,True,Mixed Sources,"Air pollution has increased in Peshawar, with PM2.5 reaching 381.69. The probable cause of this pollution spike is Mixed Sources. Children, elderly people, and respiratory patients should avoid outdoor activities. People are advised to wear masks, keep windows closed, and limit unnecessary travel."
2024-09-11 17:00:00,5,5020.14,16.09,120.64,0.02,9.3,401.89,486.5,23.56,19.3985,85.47198,16.8985,0.0,978.3136,5.0688457,6.1154146,0,Peshawar,126.91419600938967,127.11643535170002,381.1470667127897,True,Mixed Sources,"Air pollution has increased in Peshawar, with PM2.5 reaching 401.89. The probable cause of this pollution spike is Mixed Sources. Children, elderly people, and respiratory patients should avoid outdoor activities. People are advised to wear masks, keep windows closed, and limit unnecessary travel."
2024-09-11 18:00:00,5,5233.76,21.68,119.27,0.0,10.25,416.42,504.98,26.6,20.0985,81.06516,16.7485,0.0,978.4017,2.5959969,56.309914,0,Peshawar,126.91419600938967,127.11643535170002,381.1470667127897,True,Mixed Sources,"Air pollution has increased in Peshawar, with PM2.5 reaching 416.42. The probable cause of this pollution spike is Mixed Sources. Children, elderly people, and respiratory patients should avoid outdoor activities. People are advised to wear masks, keep windows closed, and limit unnecessary travel."
2024-09-11 19:00:00,5,5287.17,22.8,117.9,0.0,10.73,417.84,502.21,27.61,19.7985,83.639656,16.9485,0.0,978.07495,1.8,36.86999,0,Peshawar,126.91419600938967,127.11643535170002,381.1470667127897,True,Mixed Sources,"Air pollution has increased in Peshawar, with PM2.5 reaching 417.84. The probable cause of this pollution spike is Mixed Sources. Children, elderly people, and respiratory patients should avoid outdoor activities. People are advised to wear masks, keep windows closed, and limit unnecessary travel."
2024-09-11 20:00:00,5,5180.36,16.76,112.41,0.03,9.54,409.62,484.91,21.79,19.7485,84.432594,17.0485,0.0,977.5873,3.3043609,119.357666,0,Peshawar,126.91419600938967,127.11643535170002,381.1470667127897,True,Mixed Sources,"Air pollution has increased in Peshawar, with PM2.5 reaching 409.62. The probable cause of this pollution spike is Mixed Sources. Children, elderly people, and respiratory patients should avoid outdoor activities. People are advised to wear masks, keep windows closed, and limit unnecessary travel."
2024-09-11 21:00:00,5,4806.52,6.65,101.45,0.68,8.82,394.54,459.35,16.09,19.5985,84.95286,16.9985,0.0,977.4722,2.36753,171.25392,0,Peshawar,126.91419600938967,127.11643535170002,381.1470667127897,True,Mixed Sources,"Air pollution has increased in Peshawar, with PM2.5 reaching 394.54. The probable cause of this pollution spike is Mixed Sources. Children, elderly people, and respiratory patients should avoid outdoor activities. People are advised to wear masks, keep windows closed, and limit unnecessary travel."
2024-12-12 17:00:00,5,8117.68,59.9,227.57,0.0,36.24,393.52,475.13,89.17,8.5985,65.51427,2.4985,0.0,982.09894,1.0948973,279.46225,0,Peshawar,126.91419600938967,127.11643535170002,381.1470667127897,True,Crop Burning,"Air pollution has increased in Peshawar, with PM2.5 reaching 393.52. The probable cause of this pollution spike is Crop Burning. Children, elderly people, and respiratory patients should avoid outdoor activities. People are advised to wear masks, keep windows closed, and limit unnecessary travel."
2024-12-12 18:00:00,5,7797.24,53.64,216.6,0.0,35.29,383.35,460.42,90.18,7.8985004,65.12458,1.7485001,0.0,982.48425,1.9386592,248.19853,0,Peshawar,126.91419600938967,127.11643535170002,381.1470667127897,True,Crop Burning,"Air pollution has increased in Peshawar, with PM2.5 reaching 383.35. The probable cause of this pollution spike is Crop Burning. Children, elderly people, and respiratory patients should avoid outdoor activities. People are advised to wear masks, keep windows closed, and limit unnecessary travel."
2024-02-12 03:00:00,5,1588.82,3.58,51.41,8.31,11.44,93.44,160.86,25.33,6.4645,83.16835,3.8145,0.0,836.26886,0.40249225,206.56499,31,Quetta,32.93823356807512,21.963485712174954,76.86520499242502,True,Dust Storm,"Air pollution has increased in Quetta, with PM2.5 reaching 93.44. The probable cause of this pollution spike is Dust Storm. Children, elderly people, and respiratory patients should avoid outdoor activities. People are advised to wear masks, keep windows closed, and limit unnecessary travel."
2024-02-12 04:00:00,5,1842.5,17.21,45.24,16.27,11.09,106.06,176.16,23.81,8.4645,79.7362,5.1645,0.0,838.0773,1.2074767,333.43503,185,Quetta,32.93823356807512,21.963485712174954,76.86520499242502,True,Dust Storm,"Air pollution has increased in Quetta, with PM2.5 reaching 106.06. The probable cause of this pollution spike is Dust Storm. Children, elderly people, and respiratory patients should avoid outdoor activities. People are advised to wear masks, keep windows closed, and limit unnecessary travel."
2024-02-12 05:00:00,5,2029.42,23.69,42.84,30.04,7.87,118.2,189.45,18.49,10.4645,66.85541,4.5645,0.0,839.4612,4.14,360.0,370,Quetta,32.93823356807512,21.963485712174954,76.86520499242502,True,Dust Storm,"Air pollution has increased in Quetta, with PM2.5 reaching 118.2. The probable cause of this pollution spike is Dust Storm. Children, elderly people, and respiratory patients should avoid outdoor activities. People are advised to wear masks, keep windows closed, and limit unnecessary travel."
2024-02-12 06:00:00,5,1922.61,19.67,41.81,51.5,5.66,120.47,193.69,14.57,12.0145,57.2417,3.8145,0.0,839.7561,5.318383,336.0375,518,Quetta,32.93823356807512,21.963485712174954,76.86520499242502,True,Dust Storm,"Air pollution has increased in Quetta, with PM2.5 reaching 120.47. The probable cause of this pollution spike is Dust Storm. Children, elderly people, and respiratory patients should avoid outdoor activities. People are advised to wear masks, keep windows closed, and limit unnecessary travel."
2024-02-12 17:00:00,5,1441.96,0.2,50.04,18.06,9.3,81.41,147.52,23.05,5.7145,64.39284,-0.48549998,0.0,836.98236,1.4512063,209.7448,0,Quetta,32.93823356807512,21.963485712174954,76.86520499242502,True,Dust Storm,"Air pollution has increased in Quetta, with PM2.5 reaching 81.41. The probable cause of this pollution spike is Dust Storm. Children, elderly people, and respiratory patients should avoid outdoor activities. People are advised to wear masks, keep windows closed, and limit unnecessary travel."
2024-02-12 18:00:00,5,1535.42,0.29,52.78,14.13,11.09,90.09,158.53,26.6,5.5145,63.182877,-0.9354999,0.0,837.1941,1.4512063,187.12492,0,Quetta,32.93823356807512,21.963485712174954,76.86520499242502,True,Dust Storm,"Air pollution has increased in Quetta, with PM2.5 reaching 90.09. The probable cause of this pollution spike is Dust Storm. Children, elderly people, and respiratory patients should avoid outdoor activities. People are advised to wear masks, keep windows closed, and limit unnecessary travel."
2024-02-12 19:00:00,5,1482.01,0.16,52.09,14.31,11.44,88.48,158.78,26.6,5.4145,62.01366,-1.2855,0.0,837.2178,1.26,180.0,0,Quetta,32.93823356807512,21.963485712174954,76.86520499242502,True,Dust Storm,"Air pollution has increased in Quetta, with PM2.5 reaching 88.48. The probable cause of this pollution spike is Dust Storm. Children, elderly people, and respiratory patients should avoid outdoor activities. People are advised to wear masks, keep windows closed, and limit unnecessary travel."
2024-02-12 20:00:00,5,1375.2,0.04,47.98,18.95,11.56,83.17,154.86,25.33,5.1645,62.18102,-1.4854999,0.0,836.82544,1.2727921,171.86998,0,Quetta,32.93823356807512,21.963485712174954,76.86520499242502,True,Dust Storm,"Air pollution has increased in Quetta, with PM2.5 reaching 83.17. The probable cause of this pollution spike is Dust Storm. Children, elderly people, and respiratory patients should avoid outdoor activities. People are advised to wear masks, keep windows closed, and limit unnecessary travel."
2024-02-12 21:00:00,5,1268.39,0.01,41.81,25.39,11.56,78.51,151.77,24.32,5.1645,61.49961,-1.6355,0.0,837.0715,0.71999997,180.0,0,Quetta,32.93823356807512,21.963485712174954,76.86520499242502,True,Dust Storm,"Air pollution has increased in Quetta, with PM2.5 reaching 78.51. The probable cause of this pollution spike is Dust Storm. Children, elderly people, and respiratory patients should avoid outdoor activities. People are advised to wear masks, keep windows closed, and limit unnecessary travel."
2024-03-12 03:00:00,5,1468.66,1.55,52.09,19.85,16.45,92.71,172.76,29.64,5.0145,63.76194,-1.2855,0.0,838.1321,0.56920993,161.56496,32,Quetta,32.93823356807512,21.963485712174954,76.86520499242502,True,Dust Storm,"Air pollution has increased in Quetta, with PM2.5 reaching 92.71. The probable cause of this pollution spike is Dust Storm. Children, elderly people, and respiratory patients should avoid outdoor activities. People are advised to wear masks, keep windows closed, and limit unnecessary travel."
2024-03-12 04:00:00,5,1668.93,13.3,47.98,27.54,17.88,102.32,181.79,32.42,8.0145,54.995026,-0.48549998,0.0,840.6958,0.17999999,180.0,199,Quetta,32.93823356807512,21.963485712174954,76.86520499242502,True,Dust Storm,"Air pollution has increased in Quetta, with PM2.5 reaching 102.32. The probable cause of this pollution spike is Dust Storm. Children, elderly people, and respiratory patients should avoid outdoor activities. People are advised to wear masks, keep windows closed, and limit unnecessary travel."
2024-03-12 05:00:00,5,1815.8,19.67,43.53,44.7,17.88,113.57,193.85,32.42,10.2145,44.891434,-1.2354999,0.0,842.283,2.8856194,356.42374,386,Quetta,32.93823356807512,21.963485712174954,76.86520499242502,True,Dust Storm,"Air pollution has increased in Quetta, with PM2.5 reaching 113.57. The probable cause of this pollution spike is Dust Storm. Children, elderly people, and respiratory patients should avoid outdoor activities. People are advised to wear masks, keep windows closed, and limit unnecessary travel."
2024-03-12 06:00:00,5,1869.2,17.66,43.53,67.95,14.42,128.48,209.34,26.09,11.7145,39.1715,-1.7354999,0.0,842.38965,4.2671766,332.3541,536,Quetta,32.93823356807512,21.963485712174954,76.86520499242502,True,Dust Storm,"Air pollution has increased in Quetta, with PM2.5 reaching 128.48. The probable cause of this pollution spike is Dust Storm. Children, elderly people, and respiratory patients should avoid outdoor activities. People are advised to wear masks, keep windows closed, and limit unnecessary travel."
2024-03-12 17:00:00,5,1428.6,0.04,50.72,28.61,10.73,82.1,135.51,24.32,5.6145,62.746475,-0.9354999,0.0,839.46765,1.2727921,188.13002,0,Quetta,32.93823356807512,21.963485712174954,76.86520499242502,True,Dust Storm,"Air pollution has increased in Quetta, with PM2.5 reaching 82.1. The probable cause of this pollution spike is Dust Storm. Children, elderly people, and respiratory patients should avoid outdoor activities. People are advised to wear masks, keep windows closed, and limit unnecessary travel."
2024-03-12 18:00:00,5,1468.66,0.03,51.41,28.25,12.16,87.45,142.03,26.6,5.0645,64.477905,-1.0855,0.0,839.22754,1.4512063,172.87508,0,Quetta,32.93823356807512,21.963485712174954,76.86520499242502,True,Dust Storm,"Air pollution has increased in Quetta, with PM2.5 reaching 87.45. The probable cause of this pollution spike is Dust Storm. Children, elderly people, and respiratory patients should avoid outdoor activities. People are advised to wear masks, keep windows closed, and limit unnecessary travel."
2024-03-12 19:00:00,5,1415.25,0.01,49.35,30.04,12.52,85.36,140.76,26.35,4.5645,66.521675,-1.1355,0.0,838.6058,1.835647,168.69011,0,Quetta,32.93823356807512,21.963485712174954,76.86520499242502,True,Dust Storm,"Air pollution has increased in Quetta, with PM2.5 reaching 85.36. The probable cause of this pollution spike is Dust Storm. Children, elderly people, and respiratory patients should avoid outdoor activities. People are advised to wear masks, keep windows closed, and limit unnecessary travel."
2024-03-12 20:00:00,5,1308.44,0.0,44.55,34.69,12.52,80.06,135.45,24.83,4.3145,67.44768,-1.1854999,0.0,837.9667,1.8089776,174.2895,0,Quetta,32.93823356807512,21.963485712174954,76.86520499242502,True,Dust Storm,"Air pollution has increased in Quetta, with PM2.5 reaching 80.06. The probable cause of this pollution spike is Dust Storm. Children, elderly people, and respiratory patients should avoid outdoor activities. People are advised to wear masks, keep windows closed, and limit unnecessary travel."
2024-04-11 06:00:00,5,1308.44,9.61,31.19,90.12,11.44,77.33,120.21,12.03,22.8645,23.217466,0.7645,0.0,845.71,5.3517847,340.3461,631,Quetta,32.93823356807512,21.963485712174954,76.86520499242502,True,Dust Storm,"Air pollution has increased in Quetta, with PM2.5 reaching 77.33. The probable cause of this pollution spike is Dust Storm. Children, elderly people, and respiratory patients should avoid outdoor activities. People are advised to wear masks, keep windows closed, and limit unnecessary travel."
2024-04-12 03:00:00,5,1441.96,0.85,52.78,33.62,18.36,88.82,156.18,29.13,4.5145,67.7382,-0.9354999,0.0,839.3143,0.35999998,180.0,32,Quetta,32.93823356807512,21.963485712174954,76.86520499242502,True,Dust Storm,"Air pollution has increased in Quetta, with PM2.5 reaching 88.82. The probable cause of this pollution spike is Dust Storm. Children, elderly people, and respiratory patients should avoid outdoor activities. People are advised to wear masks, keep windows closed, and limit unnecessary travel."
2024-04-12 04:00:00,5,1668.93,11.06,52.09,38.62,20.27,100.24,170.28,32.42,7.6645,57.77231,-0.13549995,0.0,841.48004,0.8049845,296.56497,199,Quetta,32.93823356807512,21.963485712174954,76.86520499242502,True,Dust Storm,"Air pollution has increased in Quetta, with PM2.5 reaching 100.24. The probable cause of this pollution spike is Dust Storm. Children, elderly people, and respiratory patients should avoid outdoor activities. People are advised to wear masks, keep windows closed, and limit unnecessary travel."
2024-04-12 05:00:00,5,1789.09,17.43,46.61,56.51,20.74,109.65,183.17,32.93,9.8145,47.30466,-0.88549995,0.0,842.71387,4.0449967,327.72437,388,Quetta,32.93823356807512,21.963485712174954,76.86520499242502,True,Dust Storm,"Air pollution has increased in Quetta, with PM2.5 reaching 109.65. The probable cause of this pollution spike is Dust Storm. Children, elderly people, and respiratory patients should avoid outdoor activities. People are advised to wear masks, keep windows closed, and limit unnecessary travel."
2024-04-12 06:00:00,5,1735.69,14.98,42.16,80.82,16.93,115.91,193.5,26.35,11.3145,38.909004,-2.1855,0.0,842.8233,6.1305785,319.7637,539,Quetta,32.93823356807512,21.963485712174954,76.86520499242502,True,Dust Storm,"Air pollution has increased in Quetta, with PM2.5 reaching 115.91. The probable cause of this pollution spike is Dust Storm. Children, elderly people, and respiratory patients should avoid outdoor activities. People are advised to wear masks, keep windows closed, and limit unnecessary travel."
2024-05-11 06:00:00,5,1335.14,10.51,33.93,87.98,11.32,80.79,123.16,15.07,23.4645,21.4407,0.16450006,0.0,846.27264,5.9834766,338.83865,633,Quetta,32.93823356807512,21.963485712174954,76.86520499242502,True,Dust Storm,"Air pollution has increased in Quetta, with PM2.5 reaching 80.79. The probable cause of this pollution spike is Dust Storm. Children, elderly people, and respiratory patients should avoid outdoor activities. People are advised to wear masks, keep windows closed, and limit unnecessary travel."
2024-05-12 04:00:00,5,1468.66,8.72,45.24,45.06,12.64,80.07,144.02,23.56,5.7645,51.24637,-3.5355,0.0,839.8836,1.1384199,161.56496,199,Quetta,32.93823356807512,21.963485712174954,76.86520499242502,True,Dust Storm,"Air pollution has increased in Quetta, with PM2.5 reaching 80.07. The probable cause of this pollution spike is Dust Storm. Children, elderly people, and respiratory patients should avoid outdoor activities. People are advised to wear masks, keep windows closed, and limit unnecessary travel."
2024-05-12 05:00:00,5,1535.42,14.31,37.7,56.51,10.37,85.04,148.64,19.51,8.6145,37.389153,-5.1355,0.0,842.0272,2.7943513,284.93146,390,Quetta,32.93823356807512,21.963485712174954,76.86520499242502,True,Dust Storm,"Air pollution has increased in Quetta, with PM2.5 reaching 85.04. The probable cause of this pollution spike is Dust Storm. Children, elderly people, and respiratory patients should avoid outdoor activities. People are advised to wear masks, keep windows closed, and limit unnecessary travel."
2024-05-12 06:00:00,5,1308.44,11.18,28.45,75.82,7.15,78.13,139.87,12.67,10.0645,32.653248,-5.6355,0.0,842.1156,6.037383,296.56497,542,Quetta,32.93823356807512,21.963485712174954,76.86520499242502,True,Dust Storm,"Air pollution has increased in Quetta, with PM2.5 reaching 78.13. The probable cause of this pollution spike is Dust Storm. Children, elderly people, and respiratory patients should avoid outdoor activities. People are advised to wear masks, keep windows closed, and limit unnecessary travel."
2024-06-11 06:00:00,5,1628.88,13.41,48.67,98.71,18.12,98.78,132.27,23.81,24.6645,17.430763,-1.6854999,0.0,848.14276,6.310277,356.72958,633,Quetta,32.93823356807512,21.963485712174954,76.86520499242502,True,Mixed Sources,"Air pollution has increased in Quetta, with PM2.5 reaching 98.78. The probable cause of this pollution spike is Mixed Sources. Children, elderly people, and respiratory patients should avoid outdoor activities. People are advised to wear masks, keep windows closed, and limit unnecessary travel."
2024-06-12 04:00:00,5,1428.6,10.06,41.47,36.84,7.87,84.24,162.08,16.21,5.0645,53.596577,-3.5854998,0.0,839.39154,2.4482648,216.02747,200,Quetta,32.93823356807512,21.963485712174954,76.86520499242502,True,Dust Storm,"Air pollution has increased in Quetta, with PM2.5 reaching 84.24. The probable cause of this pollution spike is Dust Storm. Children, elderly people, and respiratory patients should avoid outdoor activities. People are advised to wear masks, keep windows closed, and limit unnecessary travel."
2024-06-12 05:00:00,5,1535.42,15.65,36.67,50.78,7.45,92.04,165.69,14.95,7.6645,40.183094,-5.0355,0.0,840.74054,3.8773184,291.80148,392,Quetta,32.93823356807512,21.963485712174954,76.86520499242502,True,Dust Storm,"Air pollution has increased in Quetta, with PM2.5 reaching 92.04. The probable cause of this pollution spike is Dust Storm. Children, elderly people, and respiratory patients should avoid outdoor activities. People are advised to wear masks, keep windows closed, and limit unnecessary travel."
2024-06-12 06:00:00,5,1401.9,12.85,30.85,72.24,6.62,90.37,160.17,11.53,9.4145,33.849216,-5.7355,0.0,840.92267,5.5916004,303.17853,545,Quetta,32.93823356807512,21.963485712174954,76.86520499242502,True,Dust Storm,"Air pollution has increased in Quetta, with PM2.5 reaching 90.37. The probable cause of this pollution spike is Dust Storm. Children, elderly people, and respiratory patients should avoid outdoor activities. People are advised to wear masks, keep windows closed, and limit unnecessary travel."
2024-08-09 18:00:00,5,440.6,0.0,13.88,81.54,2.77,77.24,314.31,6.97,24.1645,12.625244,-6.3855,0.0,837.3353,5.6920996,198.43504,0,Quetta,32.93823356807512,21.963485712174954,76.86520499242502,True,Dust Storm,"Air pollution has increased in Quetta, with PM2.5 reaching 77.24. The probable cause of this pollution spike is Dust Storm. Children, elderly people, and respiratory patients should avoid outdoor activities. People are advised to wear masks, keep windows closed, and limit unnecessary travel."
2024-08-09 19:00:00,5,440.6,0.0,14.57,75.82,2.65,82.66,334.64,7.98,22.3645,15.597208,-5.0355,0.0,836.6541,6.519877,173.6599,0,Quetta,32.93823356807512,21.963485712174954,76.86520499242502,True,Dust Storm,"Air pollution has increased in Quetta, with PM2.5 reaching 82.66. The probable cause of this pollution spike is Dust Storm. Children, elderly people, and respiratory patients should avoid outdoor activities. People are advised to wear masks, keep windows closed, and limit unnecessary travel."
2024-08-09 20:00:00,5,433.92,0.0,14.39,71.53,2.71,86.18,352.97,8.99,22.3145,16.554697,-4.2855,0.0,836.29645,5.154415,155.22488,0,Quetta,32.93823356807512,21.963485712174954,76.86520499242502,True,Dust Storm,"Air pollution has increased in Quetta, with PM2.5 reaching 86.18. The probable cause of this pollution spike is Dust Storm. Children, elderly people, and respiratory patients should avoid outdoor activities. People are advised to wear masks, keep windows closed, and limit unnecessary travel."
2024-08-09 21:00:00,5,427.25,0.0,13.71,69.38,2.98,88.84,366.75,10.13,19.8145,19.889898,-3.8855,0.0,834.408,6.6185193,157.61983,0,Quetta,32.93823356807512,21.963485712174954,76.86520499242502,True,Dust Storm,"Air pollution has increased in Quetta, with PM2.5 reaching 88.84. The probable cause of this pollution spike is Dust Storm. Children, elderly people, and respiratory patients should avoid outdoor activities. People are advised to wear masks, keep windows closed, and limit unnecessary travel."
2024-08-09 22:00:00,5,417.23,0.0,12.51,68.66,3.22,92.43,388.87,10.89,19.9645,19.70589,-3.8855,0.0,834.404,5.3517847,160.34608,0,Quetta,32.93823356807512,21.963485712174954,76.86520499242502,True,Dust Storm,"Air pollution has increased in Quetta, with PM2.5 reaching 92.43. The probable cause of this pollution spike is Dust Storm. Children, elderly people, and respiratory patients should avoid outdoor activities. People are advised to wear masks, keep windows closed, and limit unnecessary travel."
2024-08-09 23:00:00,5,410.56,0.0,11.48,69.38,3.52,96.06,411.04,11.91,19.3645,20.149256,-4.0855,0.0,834.33594,5.495161,148.39255,0,Quetta,32.93823356807512,21.963485712174954,76.86520499242502,True,Dust Storm,"Air pollution has increased in Quetta, with PM2.5 reaching 96.06. The probable cause of this pollution spike is Dust Storm. Children, elderly people, and respiratory patients should avoid outdoor activities. People are advised to wear masks, keep windows closed, and limit unnecessary travel."
2024-08-11 05:00:00,5,1482.01,17.43,35.3,43.99,10.85,77.59,180.85,16.47,19.5645,24.672365,-1.1854999,0.0,846.1185,2.97953,25.016869,471,Quetta,32.93823356807512,21.963485712174954,76.86520499242502,True,Dust Storm,"Air pollution has increased in Quetta, with PM2.5 reaching 77.59. The probable cause of this pollution spike is Dust Storm. Children, elderly people, and respiratory patients should avoid outdoor activities. People are advised to wear masks, keep windows closed, and limit unnecessary travel."
2024-08-11 06:00:00,5,1348.5,12.41,30.85,67.95,9.18,81.88,189.79,11.91,21.2645,22.790874,-0.8355,0.0,846.27783,4.5891175,348.6901,620,Quetta,32.93823356807512,21.963485712174954,76.86520499242502,True,Dust Storm,"Air pollution has increased in Quetta, with PM2.5 reaching 81.88. The probable cause of this pollution spike is Dust Storm. Children, elderly people, and respiratory patients should avoid outdoor activities. People are advised to wear masks, keep windows closed, and limit unnecessary travel."
2024-08-12 03:00:00,5,473.98,0.04,10.88,77.25,2.38,82.92,379.73,4.62,-0.6854999,58.886436,-7.7355003,0.0,837.0161,3.693291,223.02507,27,Quetta,32.93823356807512,21.963485712174954,76.86520499242502,True,Dust Storm,"Air pollution has increased in Quetta, with PM2.5 reaching 82.92. The probable cause of this pollution spike is Dust Storm. Children, elderly people, and respiratory patients should avoid outdoor activities. People are advised to wear masks, keep windows closed, and limit unnecessary travel."
2024-08-12 04:00:00,5,547.41,1.29,12.85,74.39,2.74,88.08,389.28,5.51,1.8645,47.49277,-8.1355,0.0,838.9674,4.5322843,276.84268,191,Quetta,32.93823356807512,21.963485712174954,76.86520499242502,True,Dust Storm,"Air pollution has increased in Quetta, with PM2.5 reaching 88.08. The probable cause of this pollution spike is Dust Storm. Children, elderly people, and respiratory patients should avoid outdoor activities. People are advised to wear masks, keep windows closed, and limit unnecessary travel."
2024-08-12 05:00:00,5,527.38,2.46,9.34,78.68,2.21,87.05,380.83,4.5,3.2645001,43.670456,-7.9355,0.0,839.8855,6.7205353,262.30405,382,Quetta,32.93823356807512,21.963485712174954,76.86520499242502,True,Dust Storm,"Air pollution has increased in Quetta, with PM2.5 reaching 87.05. The probable cause of this pollution spike is Dust Storm. Children, elderly people, and respiratory patients should avoid outdoor activities. People are advised to wear masks, keep windows closed, and limit unnecessary travel."
2024-09-09 00:00:00,5,410.56,0.0,11.48,70.1,3.87,99.7,433.21,13.17,18.4145,21.061903,-4.2855,0.0,833.8322,6.696387,143.74608,0,Quetta,32.93823356807512,21.963485712174954,76.86520499242502,True,Dust Storm,"Air pollution has increased in Quetta, with PM2.5 reaching 99.7. The probable cause of this pollution spike is Dust Storm. Children, elderly people, and respiratory patients should avoid outdoor activities. People are advised to wear masks, keep windows closed, and limit unnecessary travel."
2024-09-11 06:00:00,5,1241.68,9.5,26.05,75.82,7.63,85.26,170.08,9.63,20.2645,27.220707,0.7645,0.0,845.9954,5.2478566,337.8336,617,Quetta,32.93823356807512,21.963485712174954,76.86520499242502,True,Dust Storm,"Air pollution has increased in Quetta, with PM2.5 reaching 85.26. The probable cause of this pollution spike is Dust Storm. Children, elderly people, and respiratory patients should avoid outdoor activities. People are advised to wear masks, keep windows closed, and limit unnecessary travel."
2024-09-12 03:00:00,5,961.3,0.61,29.82,33.97,4.95,81.19,199.41,13.3,-0.5855,67.378784,-5.8855,0.0,838.3025,0.6489992,236.3099,26,Quetta,32.93823356807512,21.963485712174954,76.86520499242502,True,Dust Storm,"Air pollution has increased in Quetta, with PM2.5 reaching 81.19. The probable cause of this pollution spike is Dust Storm. Children, elderly people, and respiratory patients should avoid outdoor activities. People are advised to wear masks, keep windows closed, and limit unnecessary travel."
2024-09-12 04:00:00,5,1241.68,8.61,31.53,31.47,5.72,93.04,211.67,15.45,2.4645,54.513706,-5.7855,0.0,840.5548,1.4512063,299.74478,190,Quetta,32.93823356807512,21.963485712174954,76.86520499242502,True,Dust Storm,"Air pollution has increased in Quetta, with PM2.5 reaching 93.04. The probable cause of this pollution spike is Dust Storm. Children, elderly people, and respiratory patients should avoid outdoor activities. People are advised to wear masks, keep windows closed, and limit unnecessary travel."
2024-09-12 05:00:00,5,1295.09,13.19,25.7,43.63,4.83,97.04,217.3,13.05,5.1145,40.026524,-7.3855,0.0,841.6356,2.657668,298.30066,381,Quetta,32.93823356807512,21.963485712174954,76.86520499242502,True,Dust Storm,"Air pollution has increased in Quetta, with PM2.5 reaching 97.04. The probable cause of this pollution spike is Dust Storm. Children, elderly people, and respiratory patients should avoid outdoor activities. People are advised to wear masks, keep windows closed, and limit unnecessary travel."
2024-09-12 06:00:00,5,1094.82,10.28,20.56,60.8,4.35,90.83,211.9,9.88,7.0645,28.904264,-9.8355,0.0,841.5435,4.7928696,304.28693,534,Quetta,32.93823356807512,21.963485712174954,76.86520499242502,True,Dust Storm,"Air pollution has increased in Quetta, with PM2.5 reaching 90.83. The probable cause of this pollution spike is Dust Storm. Children, elderly people, and respiratory patients should avoid outdoor activities. People are advised to wear masks, keep windows closed, and limit unnecessary travel."
2024-09-12 15:00:00,5,1295.09,0.16,49.35,24.32,8.7,82.31,187.67,19.76,3.1645,38.514362,-9.6355,0.0,836.54974,2.9024127,187.12492,0,Quetta,32.93823356807512,21.963485712174954,76.86520499242502,True,Dust Storm,"Air pollution has increased in Quetta, with PM2.5 reaching 82.31. The probable cause of this pollution spike is Dust Storm. Children, elderly people, and respiratory patients should avoid outdoor activities. People are advised to wear masks, keep windows closed, and limit unnecessary travel."
2024-09-12 16:00:00,5,1522.06,0.43,56.89,14.13,11.21,99.74,209.76,26.09,2.4145,40.61726,-9.6355,0.0,836.3496,2.3469126,184.39862,0,Quetta,32.93823356807512,21.963485712174954,76.86520499242502,True,Dust Storm,"Air pollution has increased in Quetta, with PM2.5 reaching 99.74. The probable cause of this pollution spike is Dust Storm. Children, elderly people, and respiratory patients should avoid outdoor activities. People are advised to wear masks, keep windows closed, and limit unnecessary travel."
2024-09-12 17:00:00,5,1682.28,0.8,61.01,8.76,13.35,113.32,224.96,31.16,2.0145001,40.018047,-10.1855,0.0,836.3565,1.6199999,180.0,0,Quetta,32.93823356807512,21.963485712174954,76.86520499242502,True,Dust Storm,"Air pollution has increased in Quetta, with PM2.5 reaching 113.32. The probable cause of this pollution spike is Dust Storm. Children, elderly people, and respiratory patients should avoid outdoor activities. People are advised to wear masks, keep windows closed, and limit unnecessary travel."
2024-09-12 18:00:00,5,1735.69,0.89,60.32,7.24,14.54,119.3,227.91,33.44,1.7645,37.631405,-11.1855,0.0,835.9615,0.71999997,180.0,0,Quetta,32.93823356807512,21.963485712174954,76.86520499242502,True,Dust Storm,"Air pollution has increased in Quetta, with PM2.5 reaching 119.3. The probable cause of this pollution spike is Dust Storm. Children, elderly people, and respiratory patients should avoid outdoor activities. People are advised to wear masks, keep windows closed, and limit unnecessary travel."
2024-09-12 19:00:00,5,1655.58,0.37,55.52,10.1,14.19,113.39,213.97,31.92,1.6645,34.289654,-12.4355,0.0,835.73804,0.742159,194.03627,0,Quetta,32.93823356807512,21.963485712174954,76.86520499242502,True,Dust Storm,"Air pollution has increased in Quetta, with PM2.5 reaching 113.39. The probable cause of this pollution spike is Dust Storm. Children, elderly people, and respiratory patients should avoid outdoor activities. People are advised to wear masks, keep windows closed, and limit unnecessary travel."
2024-09-12 20:00:00,5,1508.71,0.07,49.35,16.63,13.71,105.06,196.33,29.64,1.6145,31.996975,-13.3355,0.0,835.299,1.4512063,187.12492,0,Quetta,32.93823356807512,21.963485712174954,76.86520499242502,True,Dust Storm,"Air pollution has increased in Quetta, with PM2.5 reaching 105.06. The probable cause of this pollution spike is Dust Storm. Children, elderly people, and respiratory patients should avoid outdoor activities. People are advised to wear masks, keep windows closed, and limit unnecessary travel."
2024-09-12 21:00:00,5,1375.2,0.01,42.16,25.03,13.35,97.25,177.57,27.61,2.0145001,29.372522,-14.0355,0.0,835.3744,0.17999999,180.0,0,Quetta,32.93823356807512,21.963485712174954,76.86520499242502,True,Dust Storm,"Air pollution has increased in Quetta, with PM2.5 reaching 97.25. The probable cause of this pollution spike is Dust Storm. Children, elderly people, and respiratory patients should avoid outdoor activities. People are advised to wear masks, keep windows closed, and limit unnecessary travel."
2024-09-12 22:00:00,5,1241.68,0.0,34.96,33.62,13.11,89.57,160.36,25.59,2.2145,27.90976,-14.4855,0.0,835.57556,0.35999998,180.0,0,Quetta,32.93823356807512,21.963485712174954,76.86520499242502,True,Dust Storm,"Air pollution has increased in Quetta, with PM2.5 reaching 89.57. The probable cause of this pollution spike is Dust Storm. Children, elderly people, and respiratory patients should avoid outdoor activities. People are advised to wear masks, keep windows closed, and limit unnecessary travel."
2024-09-12 23:00:00,5,1134.87,0.0,29.47,41.48,12.99,82.09,145.07,23.81,2.0145001,27.849533,-14.6855,0.0,835.2925,0.742159,165.96373,0,Quetta,32.93823356807512,21.963485712174954,76.86520499242502,True,Dust Storm,"Air pollution has increased in Quetta, with PM2.5 reaching 82.09. The probable cause of this pollution spike is Dust Storm. Children, elderly people, and respiratory patients should avoid outdoor activities. People are advised to wear masks, keep windows closed, and limit unnecessary travel."
2024-10-09 18:00:00,5,640.87,0.0,27.42,63.66,3.99,81.32,323.23,9.25,23.2145,14.155168,-5.6355,0.0,836.34766,1.8,180.0,0,Quetta,32.93823356807512,21.963485712174954,76.86520499242502,True,Dust Storm,"Air pollution has increased in Quetta, with PM2.5 reaching 81.32. The probable cause of this pollution spike is Dust Storm. Children, elderly people, and respiratory patients should avoid outdoor activities. People are advised to wear masks, keep windows closed, and limit unnecessary travel."
2024-10-09 19:00:00,5,680.92,0.0,30.85,52.93,4.29,83.72,329.36,9.5,22.3645,15.01729,-5.5355,0.0,835.7416,3.2399998,180.0,0,Quetta,32.93823356807512,21.963485712174954,76.86520499242502,True,Dust Storm,"Air pollution has increased in Quetta, with PM2.5 reaching 83.72. The probable cause of this pollution spike is Dust Storm. Children, elderly people, and respiratory patients should avoid outdoor activities. People are advised to wear masks, keep windows closed, and limit unnecessary travel."
2024-10-09 20:00:00,5,660.9,0.0,29.82,49.35,4.35,83.48,343.76,10.26,21.3645,16.145287,-5.3855,0.0,834.97235,3.0758414,159.44388,0,Quetta,32.93823356807512,21.963485712174954,76.86520499242502,True,Dust Storm,"Air pollution has increased in Quetta, with PM2.5 reaching 83.48. The probable cause of this pollution spike is Dust Storm. Children, elderly people, and respiratory patients should avoid outdoor activities. People are advised to wear masks, keep windows closed, and limit unnecessary travel."
2024-10-09 21:00:00,5,627.52,0.0,27.08,52.21,4.53,81.99,360.66,12.16,20.5645,17.087996,-5.2855,0.0,834.47076,3.5455887,156.0375,0,Quetta,32.93823356807512,21.963485712174954,76.86520499242502,True,Dust Storm,"Air pollution has increased in Quetta, with PM2.5 reaching 81.99. The probable cause of this pollution spike is Dust Storm. Children, elderly people, and respiratory patients should avoid outdoor activities. People are advised to wear masks, keep windows closed, and limit unnecessary travel."
2024-10-09 22:00:00,5,600.81,0.0,23.99,55.07,4.95,84.13,388.67,13.81,19.0145,19.24396,-4.9855,0.0,833.654,4.6800003,157.3801,0,Quetta,32.93823356807512,21.963485712174954,76.86520499242502,True,Dust Storm,"Air pollution has increased in Quetta, with PM2.5 reaching 84.13. The probable cause of this pollution spike is Dust Storm. Children, elderly people, and respiratory patients should avoid outdoor activities. People are advised to wear masks, keep windows closed, and limit unnecessary travel."
2024-10-09 23:00:00,5,594.14,0.0,21.59,54.36,5.25,88.4,426.29,13.68,18.8645,19.13327,-5.1855,0.0,833.74,4.802999,167.00539,0,Quetta,32.93823356807512,21.963485712174954,76.86520499242502,True,Dust Storm,"Air pollution has increased in Quetta, with PM2.5 reaching 88.4. The probable cause of this pollution spike is Dust Storm. Children, elderly people, and respiratory patients should avoid outdoor activities. People are advised to wear masks, keep windows closed, and limit unnecessary travel."
2024-10-10 06:00:00,5,1401.9,14.31,41.13,98.71,10.25,84.38,125.8,11.78,21.5645,16.253746,-5.1355,0.0,842.53937,7.8149853,321.54626,748,Quetta,32.93823356807512,21.963485712174954,76.86520499242502,True,Mixed Sources,"Air pollution has increased in Quetta, with PM2.5 reaching 84.38. The probable cause of this pollution spike is Mixed Sources. Children, elderly people, and respiratory patients should avoid outdoor activities. People are advised to wear masks, keep windows closed, and limit unnecessary travel."
2024-10-12 03:00:00,5,1415.25,0.48,51.41,33.62,17.64,88.33,127.56,28.88,2.8645,31.229437,-12.5355,0.0,836.37177,0.56920993,161.56496,25,Quetta,32.93823356807512,21.963485712174954,76.86520499242502,True,Mixed Sources,"Air pollution has increased in Quetta, with PM2.5 reaching 88.33. The probable cause of this pollution spike is Mixed Sources. Children, elderly people, and respiratory patients should avoid outdoor activities. People are advised to wear masks, keep windows closed, and limit unnecessary travel."
2024-10-12 04:00:00,5,1655.58,9.83,52.78,36.12,19.55,98.72,135.28,32.42,5.9645,23.374603,-13.4355,0.0,838.52295,1.6981165,122.00535,187,Quetta,32.93823356807512,21.963485712174954,76.86520499242502,True,Mixed Sources,"Air pollution has increased in Quetta, with PM2.5 reaching 98.72. The probable cause of this pollution spike is Mixed Sources. Children, elderly people, and respiratory patients should avoid outdoor activities. People are advised to wear masks, keep windows closed, and limit unnecessary travel."
2024-10-12 05:00:00,5,1762.39,16.54,45.93,52.93,19.79,103.37,139.23,32.42,8.3645,19.435276,-13.6855,0.0,840.07526,3.9966488,7.7650824,377,Quetta,32.93823356807512,21.963485712174954,76.86520499242502,True,Mixed Sources,"Air pollution has increased in Quetta, with PM2.5 reaching 103.37. The probable cause of this pollution spike is Mixed Sources. Children, elderly people, and respiratory patients should avoid outdoor activities. People are advised to wear masks, keep windows closed, and limit unnecessary travel."
2024-10-12 06:00:00,5,1628.88,14.75,39.07,73.67,16.93,100.5,136.82,26.6,9.9645,18.620378,-12.8855,0.0,840.33044,5.5216303,340.9743,529,Quetta,32.93823356807512,21.963485712174954,76.86520499242502,True,Mixed Sources,"Air pollution has increased in Quetta, with PM2.5 reaching 100.5. The probable cause of this pollution spike is Mixed Sources. Children, elderly people, and respiratory patients should avoid outdoor activities. People are advised to wear masks, keep windows closed, and limit unnecessary travel."
2024-11-09 00:00:00,5,580.79,0.0,20.22,52.93,5.48,92.73,460.24,12.29,19.6145,17.781996,-5.5355,0.0,834.63354,4.2136917,160.0168,0,Quetta,32.93823356807512,21.963485712174954,76.86520499242502,True,Dust Storm,"Air pollution has increased in Quetta, with PM2.5 reaching 92.73. The probable cause of this pollution spike is Dust Storm. Children, elderly people, and respiratory patients should avoid outdoor activities. People are advised to wear masks, keep windows closed, and limit unnecessary travel."
2024-11-09 01:00:00,5,574.11,0.0,20.22,52.21,5.84,97.69,483.66,10.77,19.1645,19.649084,-4.5855,0.0,835.1408,3.0758414,159.44388,0,Quetta,32.93823356807512,21.963485712174954,76.86520499242502,True,Dust Storm,"Air pollution has increased in Quetta, with PM2.5 reaching 97.69. The probable cause of this pollution spike is Dust Storm. Children, elderly people, and respiratory patients should avoid outdoor activities. People are advised to wear masks, keep windows closed, and limit unnecessary travel."
2024-11-09 02:00:00,5,654.22,0.07,25.7,47.21,6.79,106.42,515.0,10.51,18.0145,26.106022,-1.7354999,0.0,834.9432,3.8939953,146.3099,28,Quetta,32.93823356807512,21.963485712174954,76.86520499242502,True,Dust Storm,"Air pollution has increased in Quetta, with PM2.5 reaching 106.42. The probable cause of this pollution spike is Dust Storm. Children, elderly people, and respiratory patients should avoid outdoor activities. People are advised to wear masks, keep windows closed, and limit unnecessary travel."
2024-11-09 03:00:00,5,794.41,3.41,31.19,47.21,7.87,118.16,553.23,10.26,20.0145,19.792604,-3.7855,0.0,836.3355,2.968636,165.96373,199,Quetta,32.93823356807512,21.963485712174954,76.86520499242502,True,Dust Storm,"Air pollution has increased in Quetta, with PM2.5 reaching 118.16. The probable cause of this pollution spike is Dust Storm. Children, elderly people, and respiratory patients should avoid outdoor activities. People are advised to wear masks, keep windows closed, and limit unnecessary travel."
2024-11-09 04:00:00,5,727.65,5.98,25.02,67.95,8.11,123.65,595.47,8.36,22.1645,16.028603,-4.8355,0.0,837.54553,1.484318,284.03625,426,Quetta,32.93823356807512,21.963485712174954,76.86520499242502,True,Dust Storm,"Air pollution has increased in Quetta, with PM2.5 reaching 123.65. The probable cause of this pollution spike is Dust Storm. Children, elderly people, and respiratory patients should avoid outdoor activities. People are advised to wear masks, keep windows closed, and limit unnecessary travel."
2024-11-09 05:00:00,5,807.76,7.93,25.7,77.96,8.7,127.95,588.88,8.99,24.2145,14.107465,-4.8855,0.0,838.27466,5.1165614,320.7106,636,Quetta,32.93823356807512,21.963485712174954,76.86520499242502,True,Dust Storm,"Air pollution has increased in Quetta, with PM2.5 reaching 127.95. The probable cause of this pollution spike is Dust Storm. Children, elderly people, and respiratory patients should avoid outdoor activities. People are advised to wear masks, keep windows closed, and limit unnecessary travel."
2024-11-09 06:00:00,5,847.82,7.1,24.68,100.14,8.7,133.83,580.27,9.12,26.1145,12.456263,-5.0355,0.0,838.58093,8.209263,322.12494,802,Quetta,32.93823356807512,21.963485712174954,76.86520499242502,True,Dust Storm,"Air pollution has increased in Quetta, with PM2.5 reaching 133.83. The probable cause of this pollution spike is Dust Storm. Children, elderly people, and respiratory patients should avoid outdoor activities. People are advised to wear masks, keep windows closed, and limit unnecessary travel."
2024-11-09 07:00:00,5,287.06,0.91,4.16,130.18,2.5,82.61,381.33,2.01,27.8645,11.070443,-5.2355,0.0,838.46643,8.891343,328.24057,907,Quetta,32.93823356807512,21.963485712174954,76.86520499242502,True,Dust Storm,"Air pollution has increased in Quetta, with PM2.5 reaching 82.61. The probable cause of this pollution spike is Dust Storm. Children, elderly people, and respiratory patients should avoid outdoor activities. People are advised to wear masks, keep windows closed, and limit unnecessary travel."
2024-11-12 03:00:00,5,974.66,0.7,33.59,25.75,5.6,76.89,219.97,14.06,1.0645001,43.861168,-9.8855,0.0,838.6498,0.40249225,116.56499,23,Quetta,32.93823356807512,21.963485712174954,76.86520499242502,True,Dust Storm,"Air pollution has increased in Quetta, with PM2.5 reaching 76.89. The probable cause of this pollution spike is Dust Storm. Children, elderly people, and respiratory patients should avoid outdoor activities. People are advised to wear masks, keep windows closed, and limit unnecessary travel."
2024-11-12 04:00:00,5,1255.04,10.06,34.27,24.68,6.02,91.12,230.01,14.69,3.3645,34.128788,-10.9855,0.0,840.6004,2.657668,28.30066,182,Quetta,32.93823356807512,21.963485712174954,76.86520499242502,True,Dust Storm,"Air pollution has increased in Quetta, with PM2.5 reaching 91.12. The probable cause of this pollution spike is Dust Storm. Children, elderly people, and respiratory patients should avoid outdoor activities. People are advised to wear masks, keep windows closed, and limit unnecessary travel."
2024-11-12 05:00:00,5,1281.74,14.98,27.08,37.55,5.48,92.97,222.66,12.41,5.3645,30.146505,-10.7855,0.0,841.6184,3.494968,325.4914,370,Quetta,32.93823356807512,21.963485712174954,76.86520499242502,True,Dust Storm,"Air pollution has increased in Quetta, with PM2.5 reaching 92.97. The probable cause of this pollution spike is Dust Storm. Children, elderly people, and respiratory patients should avoid outdoor activities. People are advised to wear masks, keep windows closed, and limit unnecessary travel."
2024-11-12 06:00:00,5,961.3,10.39,19.02,55.07,4.05,78.18,200.77,8.23,6.6145,29.46014,-9.9855,0.0,841.5285,7.689603,302.57404,524,Quetta,32.93823356807512,21.963485712174954,76.86520499242502,True,Dust Storm,"Air pollution has increased in Quetta, with PM2.5 reaching 78.18. The probable cause of this pollution spike is Dust Storm. Children, elderly people, and respiratory patients should avoid outdoor activities. People are advised to wear masks, keep windows closed, and limit unnecessary travel."
2024-12-09 04:00:00,5,1068.12,12.96,35.64,46.49,8.46,79.65,269.9,11.65,23.0645,15.291433,-4.7355,0.0,837.76404,2.8116899,50.194473,428,Quetta,32.93823356807512,21.963485712174954,76.86520499242502,True,Dust Storm,"Air pollution has increased in Quetta, with PM2.5 reaching 79.65. The probable cause of this pollution spike is Dust Storm. Children, elderly people, and respiratory patients should avoid outdoor activities. People are advised to wear masks, keep windows closed, and limit unnecessary travel."
2024-12-09 05:00:00,5,1121.52,14.53,33.93,60.08,8.23,82.42,276.68,10.77,25.1145,13.419176,-4.8355,0.0,838.48694,4.802999,347.00537,641,Quetta,32.93823356807512,21.963485712174954,76.86520499242502,True,Dust Storm,"Air pollution has increased in Quetta, with PM2.5 reaching 82.42. The probable cause of this pollution spike is Dust Storm. Children, elderly people, and respiratory patients should avoid outdoor activities. People are advised to wear masks, keep windows closed, and limit unnecessary travel."
2024-12-09 06:00:00,5,947.95,9.5,27.08,87.26,6.32,82.14,285.66,8.49,26.8145,11.639848,-5.3855,0.0,838.60297,7.729527,332.24155,809,Quetta,32.93823356807512,21.963485712174954,76.86520499242502,True,Dust Storm,"Air pollution has increased in Quetta, with PM2.5 reaching 82.14. The probable cause of this pollution spike is Dust Storm. Children, elderly people, and respiratory patients should avoid outdoor activities. People are advised to wear masks, keep windows closed, and limit unnecessary travel."
2024-12-11 05:00:00,5,1495.36,19.45,35.64,43.99,10.61,85.33,146.17,17.48,13.2645,30.96477,-3.5355,0.0,843.422,3.244996,33.6901,472,Quetta,32.93823356807512,21.963485712174954,76.86520499242502,True,Dust Storm,"Air pollution has increased in Quetta, with PM2.5 reaching 85.33. The probable cause of this pollution spike is Dust Storm. Children, elderly people, and respiratory patients should avoid outdoor activities. People are advised to wear masks, keep windows closed, and limit unnecessary travel."
2024-12-11 06:00:00,5,1522.06,16.09,36.33,69.38,10.37,98.09,157.3,14.31,15.0145,26.136396,-4.2855,0.0,843.64825,4.913044,351.57312,624,Quetta,32.93823356807512,21.963485712174954,76.86520499242502,True,Dust Storm,"Air pollution has increased in Quetta, with PM2.5 reaching 98.09. The probable cause of this pollution spike is Dust Storm. Children, elderly people, and respiratory patients should avoid outdoor activities. People are advised to wear masks, keep windows closed, and limit unnecessary travel."
2024-12-12 04:00:00,5,1295.09,8.94,34.62,31.11,7.09,86.16,218.87,18.49,0.96450007,59.541172,-6.0355,0.0,840.2251,2.34,360.0,185,Quetta,32.93823356807512,21.963485712174954,76.86520499242502,True,Dust Storm,"Air pollution has increased in Quetta, with PM2.5 reaching 86.16. The probable cause of this pollution spike is Dust Storm. Children, elderly people, and respiratory patients should avoid outdoor activities. People are advised to wear masks, keep windows closed, and limit unnecessary travel."
2024-12-12 05:00:00,5,1375.2,14.53,28.1,43.27,6.38,92.25,225.2,16.97,3.1145,46.230957,-7.3355,0.0,841.3526,3.4623692,332.1028,377,Quetta,32.93823356807512,21.963485712174954,76.86520499242502,True,Dust Storm,"Air pollution has increased in Quetta, with PM2.5 reaching 92.25. The probable cause of this pollution spike is Dust Storm. Children, elderly people, and respiratory patients should avoid outdoor activities. People are advised to wear masks, keep windows closed, and limit unnecessary travel."
2024-12-12 06:00:00,5,1161.58,11.29,21.93,61.51,5.01,85.59,214.12,11.65,4.6145,41.766853,-7.2854996,0.0,841.3411,4.2175345,320.1945,534,Quetta,32.93823356807512,21.963485712174954,76.86520499242502,True,Dust Storm,"Air pollution has increased in Quetta, with PM2.5 reaching 85.59. The probable cause of this pollution spike is Dust Storm. Children, elderly people, and respiratory patients should avoid outdoor activities. People are advised to wear masks, keep windows closed, and limit unnecessary travel."
2024-12-12 16:00:00,5,1522.06,0.36,53.47,15.56,10.49,82.46,129.27,23.31,2.0145001,40.97658,-9.8855,0.0,837.0931,1.2727921,171.86998,0,Quetta,32.93823356807512,21.963485712174954,76.86520499242502,True,Dust Storm,"Air pollution has increased in Quetta, with PM2.5 reaching 82.46. The probable cause of this pollution spike is Dust Storm. Children, elderly people, and respiratory patients should avoid outdoor activities. People are advised to wear masks, keep windows closed, and limit unnecessary travel."
2024-12-12 17:00:00,5,1495.36,0.22,51.41,17.88,11.8,86.56,133.37,26.6,1.9145,40.46413,-10.1355,0.0,837.11523,1.4399999,180.0,0,Quetta,32.93823356807512,21.963485712174954,76.86520499242502,True,Dust Storm,"Air pollution has increased in Quetta, with PM2.5 reaching 86.56. The probable cause of this pollution spike is Dust Storm. Children, elderly people, and respiratory patients should avoid outdoor activities. People are advised to wear masks, keep windows closed, and limit unnecessary travel."
2024-12-12 18:00:00,5,1468.66,0.12,48.67,20.92,12.64,86.66,131.37,27.87,2.3145,37.95124,-10.5855,0.0,837.1904,1.3104197,164.05453,0,Quetta,32.93823356807512,21.963485712174954,76.86520499242502,True,Dust Storm,"Air pollution has increased in Quetta, with PM2.5 reaching 86.66. The probable cause of this pollution spike is Dust Storm. Children, elderly people, and respiratory patients should avoid outdoor activities. People are advised to wear masks, keep windows closed, and limit unnecessary travel."
2024-12-12 19:00:00,5,1361.85,0.03,46.61,25.39,12.64,80.68,120.74,26.6,2.5645,36.405434,-10.8855,0.0,837.01196,1.0948973,170.53775,0,Quetta,32.93823356807512,21.963485712174954,76.86520499242502,True,Mixed Sources,"Air pollution has increased in Quetta, with PM2.5 reaching 80.68. The probable cause of this pollution spike is Mixed Sources. Children, elderly people, and respiratory patients should avoid outdoor activities. People are advised to wear masks, keep windows closed, and limit unnecessary travel."
